query_id,domain,bm25_weight,dense_weight,fixed_mrr,adaptive_mrr,fixed_ndcg,adaptive_ndcg,fixed_precision,adaptive_precision,fixed_recall,adaptive_recall
arguana-test-education-egtuscpih-pro03a,argumentation,0.303417,0.696583,0.2,0.16666666666666666,0.38685280723454163,0.3562071871080222,0.1,0.1,1.0,1.0
nfcorpus-PLAIN-2720,medical,0.3926,0.6074,1.0,1.0,0.2758471541718662,0.2758471541718662,0.3,0.3,0.08333333333333333,0.08333333333333333
nfcorpus-PLAIN-2770,medical,0.372567,0.627433,0.25,0.5,0.2109640213770539,0.2499466561865465,0.3,0.3,0.07317073170731707,0.07317073170731707
nfcorpus-PLAIN-2343,medical,0.396133,0.603867,0.0,0.0,0.0,0.0,0.0,0.0,0.0,0.0
scifact-1389,scientific,0.385,0.615,1.0,1.0,1.0,1.0,0.1,0.1,1.0,1.0
arguana-test-culture-mmctyshwbcp-con03a,argumentation,0.28515,0.71485,0.0,0.0,0.0,0.0,0.0,0.0,0.0,0.0
arguana-test-philosophy-pppthbtcb-con02a,argumentation,0.293767,0.706233,0.125,0.125,0.31546487678572877,0.31546487678572877,0.1,0.1,1.0,1.0
arguana-test-philosophy-elhbrd-con01a,argumentation,0.29995,0.70005,0.0,0.0,0.0,0.0,0.0,0.0,0.0,0.0
scifact-922,scientific,0.343283,0.656717,1.0,1.0,1.0,1.0,0.1,0.1,1.0,1.0
nfcorpus-PLAIN-1557,medical,0.341833,0.658167,0.3333333333333333,0.3333333333333333,0.17947710508581735,0.1884441521277154,0.2,0.2,0.07692307692307693,0.07692307692307693
scifact-525,scientific,0.342317,0.657683,1.0,1.0,1.0,1.0,0.1,0.1,1.0,1.0
scifact-1185,scientific,0.3687,0.6313,1.0,1.0,1.0,1.0,0.1,0.1,1.0,1.0
scifact-1020,scientific,0.3847,0.6153,1.0,1.0,1.0,1.0,0.1,0.1,1.0,1.0
scifact-587,scientific,0.3815,0.6185,0.16666666666666666,0.14285714285714285,0.3562071871080222,0.3333333333333333,0.1,0.1,1.0,1.0
fiqa-8072,finance,0.39605,0.60395,0.3333333333333333,0.3333333333333333,0.23463936301137822,0.23463936301137822,0.1,0.1,0.3333333333333333,0.3333333333333333
scifact-775,scientific,0.3947,0.6053,0.0,0.0,0.0,0.0,0.0,0.0,0.0,0.0
nfcorpus-PLAIN-3053,medical,0.338517,0.661483,0.5,0.14285714285714285,0.2960819109658653,0.1564262420075855,0.1,0.1,0.3333333333333333,0.3333333333333333
nfcorpus-PLAIN-2430,medical,0.39545,0.60455,1.0,1.0,0.4323181322709947,0.5135285497500328,0.3,0.4,0.06521739130434782,0.08695652173913043
scifact-421,scientific,0.381733,0.618267,0.0,0.0,0.0,0.0,0.0,0.0,0.0,0.0
nfcorpus-PLAIN-2450,medical,0.386767,0.613233,0.5,0.5,0.2336508082431053,0.2336508082431053,0.2,0.2,0.05263157894736842,0.05263157894736842
scifact-94,scientific,0.3849,0.6151,0.2,0.25,0.38685280723454163,0.43067655807339306,0.1,0.1,1.0,1.0
fiqa-7747,finance,0.4015,0.5985,0.0,0.0,0.0,0.0,0.0,0.0,0.0,0.0
scifact-1163,scientific,0.334867,0.665133,1.0,1.0,1.0,1.0,0.1,0.1,1.0,1.0
arguana-test-environment-aiahwagit-con01a,argumentation,0.270267,0.729733,0.2,0.2,0.38685280723454163,0.38685280723454163,0.1,0.1,1.0,1.0
nfcorpus-PLAIN-468,medical,0.367583,0.632417,0.3333333333333333,1.0,0.3408604297166064,0.521256019952062,0.2,0.2,0.2,0.2
scifact-554,scientific,0.379317,0.620683,0.2,0.25,0.38685280723454163,0.43067655807339306,0.1,0.1,1.0,1.0
arguana-test-environment-aeghhgwpe-con03a,argumentation,0.291483,0.708517,0.0,0.0,0.0,0.0,0.0,0.0,0.0,0.0
arguana-test-education-ufsdfkhbwu-con01a,argumentation,0.307133,0.692867,0.0,0.0,0.0,0.0,0.0,0.0,0.0,0.0
arguana-test-politics-cdmaggpdgdf-con03a,argumentation,0.2938,0.7062,0.5,0.5,0.6309297535714575,0.6309297535714575,0.1,0.1,1.0,1.0
scifact-715,scientific,0.39795,0.60205,0.0,0.0,0.0,0.0,0.0,0.0,0.0,0.0
nfcorpus-PLAIN-112,medical,0.36385,0.63615,1.0,1.0,0.5381649329067913,0.6854478064369682,0.4,0.5,0.07142857142857142,0.08928571428571429
nfcorpus-PLAIN-1236,medical,0.325617,0.674383,1.0,1.0,0.3391602052736161,0.3391602052736161,0.1,0.1,0.2,0.2
arguana-test-international-iiahwagit-con04a,argumentation,0.268667,0.731333,0.0,0.0,0.0,0.0,0.0,0.0,0.0,0.0
scifact-314,scientific,0.405583,0.594417,0.25,0.25,0.43067655807339306,0.43067655807339306,0.1,0.1,1.0,1.0
nfcorpus-PLAIN-1516,medical,0.278867,0.721133,0.0,0.0,0.0,0.0,0.0,0.0,0.0,0.0
arguana-test-health-ahiahbgbsp-con03a,argumentation,0.335767,0.664233,0.14285714285714285,0.1111111111111111,0.3333333333333333,0.3010299956639812,0.1,0.1,1.0,1.0
fiqa-10979,finance,0.40095,0.59905,1.0,1.0,0.5413996682199069,0.5585075862632192,0.2,0.2,0.5,0.5
arguana-test-law-cplgpshwdp-pro02a,argumentation,0.301317,0.698683,0.5,0.5,0.6309297535714575,0.6309297535714575,0.1,0.1,1.0,1.0
nfcorpus-PLAIN-2610,medical,0.370167,0.629833,1.0,1.0,0.30130218377711837,0.3898257374834892,0.4,0.5,0.06557377049180328,0.08196721311475409
arguana-test-law-hrilpgwhwr-pro01a,argumentation,0.319567,0.680433,0.1111111111111111,0.125,0.3010299956639812,0.31546487678572877,0.1,0.1,1.0,1.0
fiqa-6133,finance,0.42935,0.57065,0.3333333333333333,0.5,0.3065735963827292,0.38685280723454163,0.1,0.1,0.5,0.5
scifact-793,scientific,0.37095,0.62905,1.0,1.0,1.0,1.0,0.1,0.1,1.0,1.0
scifact-1132,scientific,0.382717,0.617283,0.0,0.1111111111111111,0.0,0.18457569677956817,0.0,0.1,0.0,0.5
arguana-test-economy-thsptr-con05a,argumentation,0.323583,0.676417,0.1111111111111111,0.1,0.3010299956639812,0.2890648263178879,0.1,0.1,1.0,1.0
scifact-659,scientific,0.38405,0.61595,0.1111111111111111,0.14285714285714285,0.3010299956639812,0.3333333333333333,0.1,0.1,1.0,1.0
fiqa-9871,finance,0.380867,0.619133,0.0,0.0,0.0,0.0,0.0,0.0,0.0,0.0
nfcorpus-PLAIN-2240,medical,0.295483,0.704517,1.0,1.0,0.37850091886658266,0.2934556883974402,0.3,0.2,0.2727272727272727,0.18181818181818182
fiqa-10674,finance,0.409967,0.590033,1.0,1.0,0.5294362295028773,0.664550862590272,0.2,0.3,0.5,0.75
arguana-test-free-speech-debate-nshbbsbfb-con03a,argumentation,0.28955,0.71045,0.1,0.14285714285714285,0.2890648263178879,0.3333333333333333,0.1,0.1,1.0,1.0
arguana-test-politics-oepghbrnsl-pro03a,argumentation,0.312333,0.687667,0.2,0.2,0.38685280723454163,0.38685280723454163,0.1,0.1,1.0,1.0
arguana-test-politics-cdmaggpdgdf-pro04a,argumentation,0.289267,0.710733,0.3333333333333333,0.5,0.5,0.6309297535714575,0.1,0.1,1.0,1.0
nfcorpus-PLAIN-2520,medical,0.384717,0.615283,0.3333333333333333,0.3333333333333333,0.03668196104968002,0.03668196104968002,0.1,0.1,0.0136986301369863,0.0136986301369863
nfcorpus-PLAIN-2570,medical,0.39325,0.60675,0.5,0.5,0.16014043519656038,0.16014043519656038,0.1,0.1,0.025,0.025
arguana-test-politics-gvhbhlsbr-con03a,argumentation,0.296717,0.703283,0.3333333333333333,0.25,0.5,0.43067655807339306,0.1,0.1,1.0,1.0
fiqa-9126,finance,0.414367,0.585633,0.0,0.0,0.0,0.0,0.0,0.0,0.0,0.0
arguana-test-international-ssiarcmhb-con03a,argumentation,0.313333,0.686667,0.16666666666666666,0.2,0.3562071871080222,0.38685280723454163,0.1,0.1,1.0,1.0
fiqa-945,finance,0.4002,0.5998,0.3333333333333333,0.5,0.5,0.6309297535714575,0.1,0.1,1.0,1.0
scifact-1089,scientific,0.31315,0.68685,1.0,1.0,1.0,1.0,0.1,0.1,1.0,1.0
fiqa-659,finance,0.39555,0.60445,1.0,1.0,0.5232512984721256,0.5517854393872873,0.5,0.5,0.5,0.5
fiqa-2318,finance,0.390517,0.609483,0.16666666666666666,0.16666666666666666,0.3562071871080222,0.3562071871080222,0.1,0.1,1.0,1.0
scifact-410,scientific,0.344283,0.655717,1.0,1.0,1.0,1.0,0.1,0.1,1.0,1.0
scifact-1303,scientific,0.41035,0.58965,1.0,1.0,1.0,1.0,0.1,0.1,1.0,1.0
nfcorpus-PLAIN-395,medical,0.388317,0.611683,0.0,0.0,0.0,0.0,0.0,0.0,0.0,0.0
fiqa-7803,finance,0.396233,0.603767,0.0,0.0,0.0,0.0,0.0,0.0,0.0,0.0
fiqa-9108,finance,0.3909,0.6091,0.0,0.0,0.0,0.0,0.0,0.0,0.0,0.0
nfcorpus-PLAIN-987,medical,0.284383,0.715617,0.0,0.0,0.0,0.0,0.0,0.0,0.0,0.0
arguana-test-law-sdiflhrdffe-pro02a,argumentation,0.314867,0.685133,0.125,0.125,0.31546487678572877,0.31546487678572877,0.1,0.1,1.0,1.0
nfcorpus-PLAIN-2480,medical,0.38885,0.61115,0.5,0.5,0.21631529265870736,0.18563113965656242,0.3,0.3,0.16666666666666666,0.16666666666666666
fiqa-6909,finance,0.39955,0.60045,0.0,0.0,0.0,0.0,0.0,0.0,0.0,0.0
scifact-1292,scientific,0.361667,0.638333,1.0,1.0,1.0,1.0,0.1,0.1,1.0,1.0
scifact-982,scientific,0.356383,0.643617,1.0,1.0,1.0,1.0,0.1,0.1,1.0,1.0
nfcorpus-PLAIN-1579,medical,0.313733,0.686267,1.0,0.5,0.3391602052736161,0.21398626473452756,0.1,0.1,0.2,0.2
fiqa-5125,finance,0.397583,0.602417,1.0,1.0,1.0,1.0,0.1,0.1,1.0,1.0
scifact-248,scientific,0.362533,0.637467,1.0,1.0,1.0,1.0,0.1,0.1,1.0,1.0
fiqa-7109,finance,0.410233,0.589767,0.5,0.5,0.4441228664487979,0.4632423659320675,0.2,0.2,0.6666666666666666,0.6666666666666666
nfcorpus-PLAIN-1441,medical,0.41975,0.58025,0.0,0.0,0.0,0.0,0.0,0.0,0.0,0.0
fiqa-7124,finance,0.363683,0.636317,1.0,1.0,0.3903800499921017,0.3903800499921017,0.1,0.1,0.25,0.25
nfcorpus-PLAIN-1635,medical,0.427683,0.572317,1.0,1.0,0.84860265890399,0.841492960259019,0.8,0.8,0.018561484918793503,0.018561484918793503
nfcorpus-PLAIN-1741,medical,0.407567,0.592433,1.0,1.0,1.0,1.0,1.0,1.0,0.023809523809523808,0.023809523809523808
scifact-936,scientific,0.3657,0.6343,1.0,1.0,1.0,1.0,0.1,0.1,1.0,1.0
scifact-985,scientific,0.35205,0.64795,1.0,1.0,1.0,1.0,0.1,0.1,1.0,1.0
nfcorpus-PLAIN-3342,medical,0.402383,0.597617,1.0,0.5,0.625704968030342,0.45250815297345076,0.2,0.2,0.6666666666666666,0.6666666666666666
scifact-783,scientific,0.381633,0.618367,0.0,0.0,0.0,0.0,0.0,0.0,0.0,0.0
scifact-217,scientific,0.379083,0.620917,1.0,1.0,1.0,1.0,0.1,0.1,1.0,1.0
arguana-test-health-ahiahbgbsp-con04a,argumentation,0.283483,0.716517,0.5,0.5,0.6309297535714575,0.6309297535714575,0.1,0.1,1.0,1.0
arguana-test-economy-fiahwpamu-con01a,argumentation,0.30615,0.69385,0.5,0.5,0.6309297535714575,0.6309297535714575,0.1,0.1,1.0,1.0
nfcorpus-PLAIN-956,medical,0.3841,0.6159,1.0,1.0,0.4818998405251556,0.5103515512676448,0.4,0.4,0.019417475728155338,0.019417475728155338
scifact-693,scientific,0.36515,0.63485,1.0,1.0,1.0,1.0,0.1,0.1,1.0,1.0
arguana-test-politics-ypppgvhwmv-pro04a,argumentation,0.2704,0.7296,0.5,0.5,0.6309297535714575,0.6309297535714575,0.1,0.1,1.0,1.0
fiqa-5790,finance,0.388917,0.611083,0.0,0.0,0.0,0.0,0.0,0.0,0.0,0.0
arguana-test-law-ilppppghb-con02a,argumentation,0.3126,0.6874,0.25,0.25,0.43067655807339306,0.43067655807339306,0.1,0.1,1.0,1.0
fiqa-10267,finance,0.360517,0.639483,0.0,0.1,0.0,0.09803928583135704,0.0,0.1,0.0,0.2
scifact-1395,scientific,0.3872,0.6128,0.25,0.3333333333333333,0.43067655807339306,0.5,0.1,0.1,1.0,1.0
nfcorpus-PLAIN-33,medical,0.397333,0.602667,0.1,0.1,0.06643871027537931,0.06643871027537931,0.1,0.1,0.03125,0.03125
scifact-439,scientific,0.3839,0.6161,0.3333333333333333,1.0,0.5,1.0,0.1,0.1,1.0,1.0
arguana-test-philosophy-elhbrd-pro01a,argumentation,0.320183,0.679817,0.0,0.0,0.0,0.0,0.0,0.0,0.0,0.0
fiqa-8005,finance,0.38585,0.61415,0.0,0.0,0.0,0.0,0.0,0.0,0.0,0.0
nfcorpus-PLAIN-2940,medical,0.3804,0.6196,0.0,0.0,0.0,0.0,0.0,0.0,0.0,0.0
scifact-598,scientific,0.391,0.609,0.2,0.2,0.38685280723454163,0.38685280723454163,0.1,0.1,1.0,1.0
fiqa-3830,finance,0.384217,0.615783,1.0,1.0,1.0,1.0,0.1,0.1,1.0,1.0
nfcorpus-PLAIN-3362,medical,0.390667,0.609333,0.5,0.3333333333333333,0.48423308766551276,0.39812015378321947,0.3,0.3,0.2727272727272727,0.2727272727272727
nfcorpus-PLAIN-1995,medical,0.416967,0.583033,0.0,0.0,0.0,0.0,0.0,0.0,0.0,0.0
scifact-1363,scientific,0.3871,0.6129,0.0,0.0,0.0,0.0,0.0,0.0,0.0,0.0
arguana-test-digital-freedoms-phwnaccpdt-pro02a,argumentation,0.3007,0.6993,0.125,0.14285714285714285,0.31546487678572877,0.3333333333333333,0.1,0.1,1.0,1.0
scifact-475,scientific,0.406733,0.593267,0.0,0.0,0.0,0.0,0.0,0.0,0.0,0.0
nfcorpus-PLAIN-2820,medical,0.378483,0.621517,0.0,0.0,0.0,0.0,0.0,0.0,0.0,0.0
fiqa-3490,finance,0.404333,0.595667,0.0,0.0,0.0,0.0,0.0,0.0,0.0,0.0
fiqa-3566,finance,0.400733,0.599267,1.0,1.0,0.6508205185601091,0.6713860725233041,0.2,0.2,0.6666666666666666,0.6666666666666666
nfcorpus-PLAIN-2710,medical,0.375017,0.624983,1.0,1.0,0.6812883174747976,0.6906119546391791,0.5,0.5,0.23809523809523808,0.23809523809523808
nfcorpus-PLAIN-771,medical,0.325217,0.674783,1.0,1.0,0.86034433104172,0.6508205185601091,0.3,0.2,1.0,0.6666666666666666
fiqa-8017,finance,0.394583,0.605417,0.1111111111111111,0.14285714285714285,0.3010299956639812,0.3333333333333333,0.1,0.1,1.0,1.0
nfcorpus-PLAIN-332,medical,0.367067,0.632933,1.0,1.0,0.6131471927654584,0.6131471927654584,0.1,0.1,0.5,0.5
fiqa-5549,finance,0.399467,0.600533,0.0,0.0,0.0,0.0,0.0,0.0,0.0,0.0
scifact-1274,scientific,0.3878,0.6122,0.5,0.5,0.7328286204777911,0.7328286204777911,0.3,0.3,1.0,1.0
scifact-903,scientific,0.328317,0.671683,1.0,1.0,1.0,1.0,0.1,0.1,1.0,1.0
fiqa-1085,finance,0.41555,0.58445,0.0,0.0,0.0,0.0,0.0,0.0,0.0,0.0
fiqa-8351,finance,0.405333,0.594667,0.5,0.25,0.38685280723454163,0.2640681225725909,0.1,0.1,0.5,0.5
nfcorpus-PLAIN-1837,medical,0.3817,0.6183,1.0,1.0,1.0,1.0,1.0,1.0,0.05102040816326531,0.05102040816326531
scifact-847,scientific,0.372233,0.627767,1.0,1.0,1.0,1.0,0.1,0.1,1.0,1.0
fiqa-7590,finance,0.370683,0.629317,0.3333333333333333,0.5,0.3065735963827292,0.5912352048230277,0.1,0.2,0.5,1.0
nfcorpus-PLAIN-227,medical,0.381683,0.618317,0.0,0.0,0.0,0.0,0.0,0.0,0.0,0.0
scifact-233,scientific,0.376917,0.623083,1.0,1.0,1.0,1.0,0.1,0.1,1.0,1.0
scifact-873,scientific,0.383467,0.616533,0.0,0.16666666666666666,0.0,0.1208113026994942,0.0,0.1,0.0,0.2
nfcorpus-PLAIN-418,medical,0.3734,0.6266,1.0,1.0,0.7958830702855284,0.8344475896326595,0.2,0.2,0.6666666666666666,0.6666666666666666
scifact-507,scientific,0.366367,0.633633,0.5,0.5,0.6309297535714575,0.6309297535714575,0.1,0.1,1.0,1.0
fiqa-849,finance,0.383317,0.616683,0.0,0.125,0.0,0.31546487678572877,0.0,0.1,0.0,1.0
arguana-test-international-gsciidffe-pro03a,argumentation,0.315,0.685,0.25,0.2,0.43067655807339306,0.38685280723454163,0.1,0.1,1.0,1.0
nfcorpus-PLAIN-2124,medical,0.3,0.7,1.0,1.0,0.3589542101716347,0.3589542101716347,0.2,0.2,0.11764705882352941,0.11764705882352941
nfcorpus-PLAIN-3382,medical,0.379067,0.620933,1.0,1.0,0.4164610904476303,0.5423512125969939,0.5,0.6,0.35714285714285715,0.42857142857142855
arguana-test-free-speech-debate-ldhwprhs-pro02a,argumentation,0.302983,0.697017,0.0,0.0,0.0,0.0,0.0,0.0,0.0,0.0
arguana-test-law-cpilhbishioe-pro03a,argumentation,0.294383,0.705617,0.3333333333333333,0.5,0.5,0.6309297535714575,0.1,0.1,1.0,1.0
arguana-test-international-glilpdwhsn-pro02a,argumentation,0.321167,0.678833,0.0,0.0,0.0,0.0,0.0,0.0,0.0,0.0
nfcorpus-PLAIN-1453,medical,0.385483,0.614517,0.0,0.0,0.0,0.0,0.0,0.0,0.0,0.0
arguana-test-international-epdlhfcefp-pro02a,argumentation,0.303,0.697,0.125,0.125,0.31546487678572877,0.31546487678572877,0.1,0.1,1.0,1.0
scifact-641,scientific,0.351833,0.648167,1.0,1.0,0.6131471927654584,0.6131471927654584,0.1,0.1,0.5,0.5
scifact-1196,scientific,0.382483,0.617517,0.1,0.2,0.2890648263178879,0.38685280723454163,0.1,0.1,1.0,1.0
scifact-820,scientific,0.378433,0.621567,0.0,0.0,0.0,0.0,0.0,0.0,0.0,0.0
fiqa-4942,finance,0.3726,0.6274,0.0,0.0,0.0,0.0,0.0,0.0,0.0,0.0
fiqa-9332,finance,0.388033,0.611967,0.0,0.0,0.0,0.0,0.0,0.0,0.0,0.0
nfcorpus-PLAIN-1752,medical,0.405233,0.594767,0.0,0.0,0.0,0.0,0.0,0.0,0.0,0.0
arguana-test-science-ascidfakhba-pro01a,argumentation,0.368083,0.631917,0.1,0.1,0.2890648263178879,0.2890648263178879,0.1,0.1,1.0,1.0
scifact-478,scientific,0.36145,0.63855,1.0,1.0,1.0,1.0,0.1,0.1,1.0,1.0
nfcorpus-PLAIN-1962,medical,0.2779,0.7221,0.0,0.0,0.0,0.0,0.0,0.0,0.0,0.0
arguana-test-environment-aiahwagit-pro03a,argumentation,0.2819,0.7181,0.5,0.5,0.6309297535714575,0.6309297535714575,0.1,0.1,1.0,1.0
fiqa-1871,finance,0.3923,0.6077,1.0,1.0,0.6366824387328317,0.6366824387328317,0.2,0.2,0.5,0.5
scifact-1370,scientific,0.390933,0.609067,0.0,0.0,0.0,0.0,0.0,0.0,0.0,0.0
arguana-test-politics-oapdhwinkp-pro01a,argumentation,0.301933,0.698067,0.0,0.1,0.0,0.2890648263178879,0.0,0.1,0.0,1.0
scifact-781,scientific,0.376933,0.623067,0.5,0.5,0.6309297535714575,0.6309297535714575,0.1,0.1,1.0,1.0
scifact-72,scientific,0.435217,0.564783,1.0,1.0,1.0,1.0,0.1,0.1,1.0,1.0
nfcorpus-PLAIN-2009,medical,0.299817,0.700183,0.3333333333333333,0.3333333333333333,0.12647135138382856,0.12647135138382856,0.1,0.1,0.125,0.125
scifact-183,scientific,0.377317,0.622683,0.5,1.0,0.6309297535714575,1.0,0.1,0.1,1.0,1.0
scifact-269,scientific,0.3579,0.6421,0.14285714285714285,0.16666666666666666,0.3333333333333333,0.3562071871080222,0.1,0.1,1.0,1.0
nfcorpus-PLAIN-1679,medical,0.293517,0.706483,0.0,0.0,0.0,0.0,0.0,0.0,0.0,0.0
fiqa-1469,finance,0.3916,0.6084,1.0,0.5,1.0,0.6309297535714575,0.1,0.1,1.0,1.0
fiqa-8834,finance,0.404067,0.595933,0.5,1.0,0.28201326940239274,0.5107574098602351,0.2,0.3,0.3333333333333333,0.5
nfcorpus-PLAIN-561,medical,0.335617,0.664383,1.0,1.0,0.30523488393970116,0.30523488393970116,0.2,0.2,0.08,0.08
arguana-test-culture-mmctghwbsa-pro02a,argumentation,0.300117,0.699883,0.2,0.25,0.38685280723454163,0.43067655807339306,0.1,0.1,1.0,1.0
fiqa-34,finance,0.390883,0.609117,0.0,0.0,0.0,0.0,0.0,0.0,0.0,0.0
arguana-test-politics-oglilpdwhsn-pro02a,argumentation,0.321167,0.678833,0.0,0.1,0.0,0.2890648263178879,0.0,0.1,0.0,1.0
arguana-test-culture-mmctyshwbcp-pro05a,argumentation,0.2795,0.7205,0.3333333333333333,0.3333333333333333,0.5,0.5,0.1,0.1,1.0,1.0
nfcorpus-PLAIN-3422,medical,0.38315,0.61685,0.0,0.0,0.0,0.0,0.0,0.0,0.0,0.0
arguana-test-international-bldimehbn-pro02a,argumentation,0.335867,0.664133,0.5,0.5,0.6309297535714575,0.6309297535714575,0.1,0.1,1.0,1.0
fiqa-2516,finance,0.336183,0.663817,1.0,1.0,0.3903800499921017,0.5294362295028773,0.1,0.2,0.25,0.5
fiqa-5155,finance,0.392183,0.607817,1.0,0.2,1.0,0.38685280723454163,0.1,0.1,1.0,1.0
nfcorpus-PLAIN-1547,medical,0.361133,0.638867,0.0,0.0,0.0,0.0,0.0,0.0,0.0,0.0
fiqa-9808,finance,0.379983,0.620017,0.2,0.1,0.18154179253735267,0.13565197343244778,0.1,0.1,0.3333333333333333,0.3333333333333333
fiqa-8475,finance,0.373133,0.626867,1.0,1.0,0.3932591258696538,0.6193865136400613,0.2,0.4,0.2857142857142857,0.5714285714285714
arguana-test-politics-ypppgvhwmv-pro03a,argumentation,0.3022,0.6978,0.5,0.5,0.6309297535714575,0.6309297535714575,0.1,0.1,1.0,1.0
nfcorpus-PLAIN-2,medical,0.38935,0.61065,1.0,1.0,0.7050700804730476,0.7050700804730476,0.6,0.6,0.25,0.25
arguana-test-politics-oepdlhfcefp-con01a,argumentation,0.30135,0.69865,0.0,0.0,0.0,0.0,0.0,0.0,0.0,0.0
scifact-129,scientific,0.349667,0.650333,1.0,1.0,1.0,1.0,0.1,0.1,1.0,1.0
fiqa-5255,finance,0.403117,0.596883,1.0,1.0,0.7669719408901708,0.8278123145308894,0.3,0.3,1.0,1.0
fiqa-5356,finance,0.389717,0.610283,0.16666666666666666,0.25,0.1208113026994942,0.14606834984270645,0.1,0.1,0.2,0.2
scifact-312,scientific,0.3787,0.6213,0.0,0.0,0.0,0.0,0.0,0.0,0.0,0.0
nfcorpus-PLAIN-1398,medical,0.322467,0.677533,1.0,1.0,0.8318477135310893,0.7702043899253147,0.8,0.7,0.07766990291262135,0.06796116504854369
scifact-536,scientific,0.37795,0.62205,1.0,1.0,1.0,1.0,0.1,0.1,1.0,1.0
nfcorpus-PLAIN-2840,medical,0.339867,0.660133,0.0,0.0,0.0,0.0,0.0,0.0,0.0,0.0
fiqa-6959,finance,0.371717,0.628283,1.0,1.0,0.6131471927654584,0.6131471927654584,0.1,0.1,0.5,0.5
fiqa-6907,finance,0.389533,0.610467,0.0,0.0,0.0,0.0,0.0,0.0,0.0,0.0
fiqa-2885,finance,0.40745,0.59255,0.0,0.0,0.0,0.0,0.0,0.0,0.0,0.0
fiqa-3125,finance,0.38835,0.61165,0.2,0.25,0.38685280723454163,0.43067655807339306,0.1,0.1,1.0,1.0
fiqa-9164,finance,0.371583,0.628417,0.3333333333333333,0.3333333333333333,0.23463936301137822,0.23463936301137822,0.1,0.1,0.3333333333333333,0.3333333333333333
fiqa-42,finance,0.389483,0.610517,0.0,0.0,0.0,0.0,0.0,0.0,0.0,0.0
scifact-1319,scientific,0.394,0.606,1.0,1.0,1.0,1.0,0.1,0.1,1.0,1.0
arguana-test-science-dssghsdmd-pro03a,argumentation,0.29945,0.70055,0.3333333333333333,0.3333333333333333,0.5,0.5,0.1,0.1,1.0,1.0
scifact-362,scientific,0.378117,0.621883,1.0,1.0,1.0,1.0,0.1,0.1,1.0,1.0
scifact-1339,scientific,0.340233,0.659767,1.0,1.0,1.0,1.0,0.1,0.1,1.0,1.0
arguana-test-international-aegmeppghw-con03a,argumentation,0.301417,0.698583,0.5,0.5,0.6309297535714575,0.6309297535714575,0.1,0.1,1.0,1.0
arguana-test-international-epvhwhranet-pro02a,argumentation,0.309333,0.690667,0.5,0.5,0.6309297535714575,0.6309297535714575,0.1,0.1,1.0,1.0
fiqa-4846,finance,0.366633,0.633367,0.0,0.0,0.0,0.0,0.0,0.0,0.0,0.0
nfcorpus-PLAIN-1897,medical,0.376483,0.623517,0.0,0.0,0.0,0.0,0.0,0.0,0.0,0.0
scifact-744,scientific,0.378383,0.621617,0.3333333333333333,0.3333333333333333,0.5,0.5,0.1,0.1,1.0,1.0
fiqa-10809,finance,0.393283,0.606717,1.0,1.0,0.46927872602275644,0.46927872602275644,0.1,0.1,0.3333333333333333,0.3333333333333333
nfcorpus-PLAIN-1656,medical,0.436233,0.563767,0.0,0.0,0.0,0.0,0.0,0.0,0.0,0.0
arguana-test-science-cpisydfphwj-pro03a,argumentation,0.319967,0.680033,0.5,0.5,0.6309297535714575,0.6309297535714575,0.1,0.1,1.0,1.0
arguana-test-politics-oeplhbuwhmi-pro02a,argumentation,0.313217,0.686783,0.125,0.0,0.31546487678572877,0.0,0.1,0.0,1.0,0.0
arguana-test-culture-cgeeghwmeo-pro01a,argumentation,0.293,0.707,0.3333333333333333,0.3333333333333333,0.5,0.5,0.1,0.1,1.0,1.0
fiqa-2486,finance,0.385617,0.614383,1.0,1.0,1.0,1.0,0.1,0.1,1.0,1.0
arguana-test-free-speech-debate-fchbjaj-con03a,argumentation,0.321167,0.678833,0.25,0.25,0.43067655807339306,0.43067655807339306,0.1,0.1,1.0,1.0
arguana-test-international-aglhrilhb-pro04a,argumentation,0.298267,0.701733,0.0,0.0,0.0,0.0,0.0,0.0,0.0,0.0
fiqa-5853,finance,0.407033,0.592967,1.0,1.0,0.2529427027676571,0.2529427027676571,0.1,0.1,0.125,0.125
fiqa-2695,finance,0.369533,0.630467,1.0,1.0,1.0,1.0,0.1,0.1,1.0,1.0
arguana-test-politics-oapdhwinkp-pro03a,argumentation,0.30235,0.69765,0.5,0.5,0.6309297535714575,0.6309297535714575,0.1,0.1,1.0,1.0
scifact-1062,scientific,0.337617,0.662383,1.0,1.0,1.0,1.0,0.1,0.1,1.0,1.0
arguana-test-politics-lghwdecm-con02a,argumentation,0.26725,0.73275,0.25,0.3333333333333333,0.43067655807339306,0.5,0.1,0.1,1.0,1.0
scifact-533,scientific,0.381767,0.618233,1.0,1.0,1.0,1.0,0.1,0.1,1.0,1.0
arguana-test-international-aghbfcpspr-pro03a,argumentation,0.31345,0.68655,0.3333333333333333,0.3333333333333333,0.5,0.5,0.1,0.1,1.0,1.0
fiqa-1306,finance,0.3663,0.6337,0.2,0.25,0.2638647595767405,0.28097267762005274,0.2,0.2,0.5,0.5
fiqa-776,finance,0.372967,0.627033,1.0,1.0,0.40350157154648025,0.3647442587311445,0.3,0.3,0.25,0.25
nfcorpus-PLAIN-850,medical,0.31425,0.68575,1.0,0.5,0.40350157154648025,0.22400556151517553,0.3,0.2,0.05263157894736842,0.03508771929824561
nfcorpus-PLAIN-2550,medical,0.370583,0.629417,0.0,0.0,0.0,0.0,0.0,0.0,0.0,0.0
nfcorpus-PLAIN-934,medical,0.411283,0.588717,0.14285714285714285,0.1111111111111111,0.2032389337527008,0.12987501165334076,0.3,0.2,0.0297029702970297,0.019801980198019802
nfcorpus-PLAIN-1353,medical,0.284,0.716,0.0,0.0,0.0,0.0,0.0,0.0,0.0,0.0
scifact-1298,scientific,0.279467,0.720533,1.0,1.0,1.0,1.0,0.1,0.1,1.0,1.0
nfcorpus-PLAIN-3402,medical,0.388933,0.611067,0.1,0.1111111111111111,0.06362078819895171,0.06625422345438903,0.1,0.1,0.07142857142857142,0.07142857142857142
fiqa-6746,finance,0.372617,0.627383,0.5,1.0,0.38685280723454163,0.6131471927654584,0.1,0.1,0.5,0.5
scifact-385,scientific,0.382583,0.617417,0.5,0.5,0.6934264036172708,0.6934264036172708,0.2,0.2,1.0,1.0
scifact-303,scientific,0.382667,0.617333,0.0,0.0,0.0,0.0,0.0,0.0,0.0,0.0
nfcorpus-PLAIN-2113,medical,0.373933,0.626067,0.0,0.0,0.0,0.0,0.0,0.0,0.0,0.0
scifact-759,scientific,0.376067,0.623933,1.0,1.0,1.0,1.0,0.1,0.1,1.0,1.0
fiqa-9115,finance,0.3988,0.6012,1.0,0.5,0.6049306994552042,0.4441228664487979,0.2,0.2,0.6666666666666666,0.6666666666666666
fiqa-8832,finance,0.378917,0.621083,1.0,1.0,1.0,1.0,0.1,0.1,1.0,1.0
arguana-test-international-glilpdwhsn-con01a,argumentation,0.324,0.676,0.25,0.5,0.43067655807339306,0.6309297535714575,0.1,0.1,1.0,1.0
fiqa-2416,finance,0.383667,0.616333,0.5,1.0,0.3638184934971571,0.6886342695939197,0.2,0.3,0.5,0.75
scifact-1194,scientific,0.377817,0.622183,0.0,0.0,0.0,0.0,0.0,0.0,0.0,0.0
fiqa-2589,finance,0.385583,0.614417,1.0,0.25,0.7777061538487877,0.5508095940041026,0.3,0.3,1.0,1.0
arguana-test-health-dhgsshbesbc-con03a,argumentation,0.329683,0.670317,0.0,0.0,0.0,0.0,0.0,0.0,0.0,0.0
scifact-1014,scientific,0.360333,0.639667,1.0,1.0,1.0,1.0,0.1,0.1,1.0,1.0
nfcorpus-PLAIN-3037,medical,0.411217,0.588783,0.0,0.0,0.0,0.0,0.0,0.0,0.0,0.0
nfcorpus-PLAIN-838,medical,0.280367,0.719633,0.5,0.14285714285714285,0.5057477751290633,0.2232528924776503,0.5,0.3,0.5555555555555556,0.3333333333333333
arguana-test-sport-aastshsrqsar-pro02a,argumentation,0.28295,0.71705,0.3333333333333333,0.3333333333333333,0.5,0.5,0.1,0.1,1.0,1.0
arguana-test-economy-bepahbtsnrt-con01a,argumentation,0.26485,0.73515,0.14285714285714285,0.25,0.3333333333333333,0.43067655807339306,0.1,0.1,1.0,1.0
nfcorpus-PLAIN-2408,medical,0.405233,0.594767,0.0,0.0,0.0,0.0,0.0,0.0,0.0,0.0
fiqa-8230,finance,0.390567,0.609433,0.0,0.0,0.0,0.0,0.0,0.0,0.0,0.0
arguana-test-digital-freedoms-aihbiahr-con04a,argumentation,0.309783,0.690217,0.0,0.2,0.0,0.38685280723454163,0.0,0.1,0.0,1.0
nfcorpus-PLAIN-1473,medical,0.405233,0.594767,0.0,0.0,0.0,0.0,0.0,0.0,0.0,0.0
nfcorpus-PLAIN-1506,medical,0.339867,0.660133,0.5,0.5,0.13886244387355454,0.13886244387355454,0.1,0.1,0.06666666666666667,0.06666666666666667
nfcorpus-PLAIN-344,medical,0.377383,0.622617,1.0,1.0,0.31927019708797844,0.3214610790288204,0.2,0.2,0.03278688524590164,0.03278688524590164
nfcorpus-PLAIN-731,medical,0.376933,0.623067,0.1111111111111111,0.14285714285714285,0.06625422345438903,0.07336392209936005,0.1,0.1,0.018518518518518517,0.018518518518518517
arguana-test-international-aegmeppghw-pro01a,argumentation,0.305583,0.694417,0.3333333333333333,0.3333333333333333,0.5,0.5,0.1,0.1,1.0,1.0
scifact-993,scientific,0.3678,0.6322,0.3333333333333333,0.25,0.5,0.43067655807339306,0.1,0.1,1.0,1.0
arguana-test-international-amehbuaisji-pro03a,argumentation,0.31685,0.68315,0.0,0.0,0.0,0.0,0.0,0.0,0.0,0.0
arguana-test-environment-ehwsnwu-con02a,argumentation,0.354133,0.645867,0.0,0.0,0.0,0.0,0.0,0.0,0.0,0.0
fiqa-5808,finance,0.3991,0.6009,0.125,0.0,0.31546487678572877,0.0,0.1,0.0,1.0,0.0
nfcorpus-PLAIN-2600,medical,0.390133,0.609867,1.0,1.0,0.5855686308024465,0.6613158235505792,0.3,0.3,0.3,0.3
fiqa-6792,finance,0.379033,0.620967,0.0,0.0,0.0,0.0,0.0,0.0,0.0,0.0
scifact-514,scientific,0.363867,0.636133,0.5,0.5,0.6309297535714575,0.6309297535714575,0.1,0.1,1.0,1.0
nfcorpus-PLAIN-3074,medical,0.377717,0.622283,0.5,0.5,0.6309297535714574,0.6309297535714574,0.1,0.1,1.0,1.0
fiqa-3528,finance,0.3943,0.6057,1.0,1.0,1.0,1.0,0.1,0.1,1.0,1.0
arguana-test-health-hgwhwbjfs-pro02a,argumentation,0.303483,0.696517,0.16666666666666666,0.2,0.3562071871080222,0.38685280723454163,0.1,0.1,1.0,1.0
fiqa-5021,finance,0.408733,0.591267,0.0,0.0,0.0,0.0,0.0,0.0,0.0,0.0
nfcorpus-PLAIN-3001,medical,0.39665,0.60335,0.2,0.2,0.23719771276929622,0.23719771276929622,0.1,0.1,0.5,0.5
fiqa-10414,finance,0.367117,0.632883,1.0,1.0,0.9197207891481876,1.0,0.2,0.2,1.0,1.0
fiqa-3067,finance,0.392217,0.607783,0.0,0.0,0.0,0.0,0.0,0.0,0.0,0.0
arguana-test-digital-freedoms-piidfiphwu-pro03a,argumentation,0.327667,0.672333,0.16666666666666666,0.16666666666666666,0.3562071871080222,0.3562071871080222,0.1,0.1,1.0,1.0
nfcorpus-PLAIN-3063,medical,0.356683,0.643317,0.0,0.0,0.0,0.0,0.0,0.0,0.0,0.0
fiqa-7936,finance,0.386083,0.613917,0.25,0.3333333333333333,0.36926780146674987,0.38268031849431083,0.2,0.2,0.6666666666666666,0.6666666666666666
nfcorpus-PLAIN-3472,medical,0.393267,0.606733,0.0,0.0,0.0,0.0,0.0,0.0,0.0,0.0
arguana-test-digital-freedoms-aihwbasmn-con05a,argumentation,0.329817,0.670183,0.0,0.0,0.0,0.0,0.0,0.0,0.0,0.0
scifact-384,scientific,0.389217,0.610783,0.0,0.0,0.0,0.0,0.0,0.0,0.0,0.0
arguana-test-free-speech-debate-fsaphgiap-pro02a,argumentation,0.293083,0.706917,0.25,0.25,0.43067655807339306,0.43067655807339306,0.1,0.1,1.0,1.0
fiqa-2579,finance,0.381017,0.618983,0.3333333333333333,0.3333333333333333,0.15130120674940672,0.15130120674940672,0.1,0.1,0.16666666666666666,0.16666666666666666
fiqa-5206,finance,0.384933,0.615067,0.0,0.0,0.0,0.0,0.0,0.0,0.0,0.0
scifact-887,scientific,0.385467,0.614533,0.0,0.0,0.0,0.0,0.0,0.0,0.0,0.0
fiqa-10808,finance,0.389667,0.610333,0.25,0.5,0.38364913903790027,0.6663732474096913,0.2,0.3,0.6666666666666666,1.0
arguana-test-economy-beghwbh-con03a,argumentation,0.271517,0.728483,0.3333333333333333,0.3333333333333333,0.5,0.5,0.1,0.1,1.0,1.0
arguana-test-international-epvhwhranet-con04a,argumentation,0.2871,0.7129,0.5,0.5,0.6309297535714575,0.6309297535714575,0.1,0.1,1.0,1.0
arguana-test-society-cpisydfphwj-con02a,argumentation,0.313033,0.686967,0.3333333333333333,0.3333333333333333,0.5,0.5,0.1,0.1,1.0,1.0
fiqa-5534,finance,0.36305,0.63695,1.0,1.0,0.6131471927654584,0.6131471927654584,0.1,0.1,0.5,0.5
arguana-test-digital-freedoms-piidfaihbg-con01a,argumentation,0.279683,0.720317,0.5,0.5,0.6309297535714575,0.6309297535714575,0.1,0.1,1.0,1.0
scifact-1012,scientific,0.3043,0.6957,1.0,1.0,1.0,1.0,0.1,0.1,1.0,1.0
arguana-test-education-egscphsrdt-pro01a,argumentation,0.31855,0.68145,0.25,0.2,0.43067655807339306,0.38685280723454163,0.1,0.1,1.0,1.0
scifact-1216,scientific,0.3561,0.6439,1.0,1.0,1.0,1.0,0.1,0.1,1.0,1.0
fiqa-2385,finance,0.39405,0.60595,1.0,1.0,0.6131471927654584,0.6131471927654584,0.1,0.1,0.5,0.5
arguana-test-philosophy-pppthbtcb-pro02a,argumentation,0.285133,0.714867,0.5,0.5,0.6309297535714575,0.6309297535714575,0.1,0.1,1.0,1.0
fiqa-5172,finance,0.389967,0.610033,0.0,0.0,0.0,0.0,0.0,0.0,0.0,0.0
fiqa-6410,finance,0.39835,0.60165,0.0,0.0,0.0,0.0,0.0,0.0,0.0,0.0
fiqa-1284,finance,0.39535,0.60465,1.0,1.0,1.0,1.0,0.1,0.1,1.0,1.0
nfcorpus-PLAIN-817,medical,0.408917,0.591083,0.0,0.0,0.0,0.0,0.0,0.0,0.0,0.0
arguana-test-politics-oeplhbuwhmi-con03a,argumentation,0.2985,0.7015,0.0,0.0,0.0,0.0,0.0,0.0,0.0,0.0
nfcorpus-PLAIN-2850,medical,0.397683,0.602317,0.0,0.0,0.0,0.0,0.0,0.0,0.0,0.0
nfcorpus-PLAIN-3251,medical,0.3696,0.6304,0.0,0.0,0.0,0.0,0.0,0.0,0.0,0.0
arguana-test-international-gsciidffe-pro04a,argumentation,0.293667,0.706333,0.0,0.0,0.0,0.0,0.0,0.0,0.0,0.0
scifact-1099,scientific,0.387867,0.612133,0.1,0.1,0.2890648263178879,0.2890648263178879,0.1,0.1,1.0,1.0
nfcorpus-PLAIN-3181,medical,0.394617,0.605383,0.3333333333333333,0.125,0.11004588314904008,0.06943122193677727,0.1,0.1,0.037037037037037035,0.037037037037037035
arguana-test-digital-freedoms-piidfaihbg-con03a,argumentation,0.3181,0.6819,0.5,0.5,0.6309297535714575,0.6309297535714575,0.1,0.1,1.0,1.0
scifact-1207,scientific,0.3733,0.6267,1.0,1.0,1.0,1.0,0.1,0.1,1.0,1.0
scifact-198,scientific,0.400817,0.599183,0.0,0.0,0.0,0.0,0.0,0.0,0.0,0.0
fiqa-4865,finance,0.379267,0.620733,0.0,0.0,0.0,0.0,0.0,0.0,0.0,0.0
arguana-test-law-hrpepthwuto-pro02a,argumentation,0.2989,0.7011,0.5,0.5,0.6309297535714575,0.6309297535714575,0.1,0.1,1.0,1.0
fiqa-8544,finance,0.391317,0.608683,1.0,1.0,0.8315546295836225,0.9197207891481876,0.2,0.2,1.0,1.0
arguana-test-culture-thbcsbptwhht-con02a,argumentation,0.26965,0.73035,0.5,0.5,0.6309297535714575,0.6309297535714575,0.1,0.1,1.0,1.0
arguana-test-philosophy-apessghwba-con05a,argumentation,0.33345,0.66655,0.0,0.0,0.0,0.0,0.0,0.0,0.0,0.0
scifact-636,scientific,0.374817,0.625183,0.5,0.5,0.6309297535714575,0.6309297535714575,0.1,0.1,1.0,1.0
scifact-239,scientific,0.378333,0.621667,0.0,0.0,0.0,0.0,0.0,0.0,0.0,0.0
nfcorpus-PLAIN-2271,medical,0.306633,0.693367,0.0,0.0,0.0,0.0,0.0,0.0,0.0,0.0
scifact-1221,scientific,0.3596,0.6404,0.0,0.1,0.0,0.2890648263178879,0.0,0.1,0.0,1.0
scifact-99,scientific,0.375817,0.624183,1.0,1.0,1.0,1.0,0.1,0.1,1.0,1.0
arguana-test-sport-tshbmlbscac-pro01a,argumentation,0.2738,0.7262,0.14285714285714285,0.16666666666666666,0.3333333333333333,0.3562071871080222,0.1,0.1,1.0,1.0
arguana-test-religion-msgfhwbamec-pro02a,argumentation,0.298917,0.701083,0.3333333333333333,0.25,0.5,0.43067655807339306,0.1,0.1,1.0,1.0
nfcorpus-PLAIN-2640,medical,0.37625,0.62375,1.0,1.0,0.423119516972524,0.4144168524969814,0.7,0.7,0.14583333333333334,0.14583333333333334
arguana-test-law-hrpepthwuto-con02a,argumentation,0.297833,0.702167,0.0,0.0,0.0,0.0,0.0,0.0,0.0,0.0
nfcorpus-PLAIN-2500,medical,0.390817,0.609183,0.125,0.14285714285714285,0.1371614420335284,0.1868248030800112,0.1,0.2,0.14285714285714285,0.2857142857142857
nfcorpus-PLAIN-3352,medical,0.387167,0.612833,0.0,0.0,0.0,0.0,0.0,0.0,0.0,0.0
nfcorpus-PLAIN-2991,medical,0.35055,0.64945,0.25,0.3333333333333333,0.26406812257259094,0.3065735963827292,0.1,0.1,0.5,0.5
arguana-test-international-amehbuaisji-con02a,argumentation,0.289233,0.710767,0.0,0.0,0.0,0.0,0.0,0.0,0.0,0.0
nfcorpus-PLAIN-499,medical,0.336367,0.663633,0.0,0.0,0.0,0.0,0.0,0.0,0.0,0.0
nfcorpus-PLAIN-1700,medical,0.378583,0.621417,0.0,0.0,0.0,0.0,0.0,0.0,0.0,0.0
fiqa-6803,finance,0.39575,0.60425,0.25,0.3333333333333333,0.3191471544989227,0.34620964322385606,0.2,0.2,0.5,0.5
scifact-1259,scientific,0.38985,0.61015,0.14285714285714285,0.3333333333333333,0.3333333333333333,0.5,0.1,0.1,1.0,1.0
arguana-test-international-epglghbni-pro01a,argumentation,0.288867,0.711133,0.16666666666666666,0.25,0.3562071871080222,0.43067655807339306,0.1,0.1,1.0,1.0
scifact-1226,scientific,0.372833,0.627167,0.0,0.0,0.0,0.0,0.0,0.0,0.0,0.0
nfcorpus-PLAIN-2900,medical,0.392433,0.607567,0.0,0.0,0.0,0.0,0.0,0.0,0.0,0.0
fiqa-4465,finance,0.399267,0.600733,0.0,0.0,0.0,0.0,0.0,0.0,0.0,0.0
arguana-test-international-iiahwagit-pro05a,argumentation,0.277433,0.722567,0.0,0.0,0.0,0.0,0.0,0.0,0.0,0.0
nfcorpus-PLAIN-3372,medical,0.374567,0.625433,0.0,0.2,0.0,0.17735889013007314,0.0,0.1,0.0,0.07142857142857142
arguana-test-international-gpsmhbsosb-pro03a,argumentation,0.287767,0.712233,0.3333333333333333,0.3333333333333333,0.5,0.5,0.1,0.1,1.0,1.0
fiqa-6562,finance,0.392733,0.607267,0.0,0.0,0.0,0.0,0.0,0.0,0.0,0.0
nfcorpus-PLAIN-1621,medical,0.408917,0.591083,0.0,0.0,0.0,0.0,0.0,0.0,0.0,0.0
arguana-test-society-asfhwapg-pro01a,argumentation,0.272567,0.727433,0.5,0.5,0.6309297535714575,0.6309297535714575,0.1,0.1,1.0,1.0
arguana-test-international-emephsate-con01a,argumentation,0.341383,0.658617,0.2,0.2,0.38685280723454163,0.38685280723454163,0.1,0.1,1.0,1.0
scifact-113,scientific,0.367117,0.632883,1.0,1.0,1.0,1.0,0.1,0.1,1.0,1.0
nfcorpus-PLAIN-358,medical,0.381567,0.618433,0.0,0.0,0.0,0.0,0.0,0.0,0.0,0.0
scifact-692,scientific,0.3721,0.6279,1.0,1.0,1.0,1.0,0.1,0.1,1.0,1.0
scifact-721,scientific,0.344533,0.655467,1.0,1.0,1.0,1.0,0.1,0.1,1.0,1.0
arguana-test-international-ssiarcmhb-pro04a,argumentation,0.386583,0.613417,0.5,0.5,0.6309297535714575,0.6309297535714575,0.1,0.1,1.0,1.0
fiqa-7823,finance,0.389083,0.610917,1.0,1.0,0.6049306994552042,0.46927872602275644,0.2,0.1,0.6666666666666666,0.3333333333333333
scifact-1279,scientific,0.372833,0.627167,1.0,1.0,1.0,1.0,0.1,0.1,1.0,1.0
fiqa-8296,finance,0.37085,0.62915,1.0,1.0,1.0,1.0,0.2,0.2,1.0,1.0
scifact-75,scientific,0.37715,0.62285,1.0,1.0,1.0,1.0,0.1,0.1,1.0,1.0
nfcorpus-PLAIN-3462,medical,0.3721,0.6279,1.0,0.5,0.6175852859163219,0.6067216003536936,0.6,0.7,0.09375,0.109375
fiqa-1230,finance,0.38905,0.61095,0.0,0.0,0.0,0.0,0.0,0.0,0.0,0.0
fiqa-6219,finance,0.399417,0.600583,1.0,1.0,0.8772153153380493,1.0,0.2,0.2,1.0,1.0
scifact-141,scientific,0.330767,0.669233,1.0,1.0,1.0,1.0,0.2,0.2,1.0,1.0
fiqa-7141,finance,0.394633,0.605367,0.0,0.0,0.0,0.0,0.0,0.0,0.0,0.0
scifact-971,scientific,0.372117,0.627883,0.3333333333333333,0.3333333333333333,0.6533933590057491,0.6533933590057491,0.4,0.4,1.0,1.0
arguana-test-society-epiasghbf-con04a,argumentation,0.283267,0.716733,0.0,0.1,0.0,0.2890648263178879,0.0,0.1,0.0,1.0
fiqa-858,finance,0.376083,0.623917,0.0,0.0,0.0,0.0,0.0,0.0,0.0,0.0
arguana-test-free-speech-debate-nshbcsbawc-pro04a,argumentation,0.305883,0.694117,0.0,0.0,0.0,0.0,0.0,0.0,0.0,0.0
scifact-230,scientific,0.377467,0.622533,1.0,1.0,1.0,1.0,0.1,0.1,1.0,1.0
scifact-1137,scientific,0.379733,0.620267,0.5,0.5,0.6309297535714575,0.6309297535714575,0.1,0.1,1.0,1.0
nfcorpus-PLAIN-1827,medical,0.284283,0.715717,0.0,0.0,0.0,0.0,0.0,0.0,0.0,0.0
arguana-test-society-epsihbdns-pro04a,argumentation,0.278833,0.721167,0.0,0.0,0.0,0.0,0.0,0.0,0.0,0.0
scifact-623,scientific,0.383733,0.616267,0.0,0.0,0.0,0.0,0.0,0.0,0.0,0.0
nfcorpus-PLAIN-207,medical,0.380567,0.619433,1.0,1.0,0.5199967979955745,0.5231737964779628,0.4,0.4,0.07272727272727272,0.07272727272727272
nfcorpus-PLAIN-1008,medical,0.405233,0.594767,0.0,0.0,0.0,0.0,0.0,0.0,0.0,0.0
arguana-test-law-cplgpshwdp-con04a,argumentation,0.293517,0.706483,0.0,0.0,0.0,0.0,0.0,0.0,0.0,0.0
nfcorpus-PLAIN-583,medical,0.405233,0.594767,0.0,0.0,0.0,0.0,0.0,0.0,0.0,0.0
fiqa-5085,finance,0.391017,0.608983,0.5,0.25,0.6309297535714575,0.43067655807339306,0.1,0.1,1.0,1.0
nfcorpus-PLAIN-2311,medical,0.276733,0.723267,0.0,0.0,0.0,0.0,0.0,0.0,0.0,0.0
nfcorpus-PLAIN-2250,medical,0.35515,0.64485,0.0,0.0,0.0,0.0,0.0,0.0,0.0,0.0
arguana-test-economy-egiahbwaka-con02a,argumentation,0.318817,0.681183,0.1111111111111111,0.1111111111111111,0.3010299956639812,0.3010299956639812,0.1,0.1,1.0,1.0
fiqa-3767,finance,0.4045,0.5955,0.0,0.0,0.0,0.0,0.0,0.0,0.0,0.0
nfcorpus-PLAIN-3151,medical,0.4239,0.5761,0.3333333333333333,0.3333333333333333,0.37033675617443185,0.46564148147487067,0.4,0.5,0.2222222222222222,0.2777777777777778
arguana-test-international-epdlhfcefp-con03a,argumentation,0.319733,0.680267,0.25,0.25,0.43067655807339306,0.43067655807339306,0.1,0.1,1.0,1.0
scifact-811,scientific,0.357467,0.642533,1.0,1.0,1.0,1.0,0.1,0.1,1.0,1.0
arguana-test-society-cpisydfphwj-pro01a,argumentation,0.304117,0.695883,0.3333333333333333,0.3333333333333333,0.5,0.5,0.1,0.1,1.0,1.0
fiqa-6146,finance,0.404233,0.595767,0.25,1.0,0.5012658353418871,1.0,0.2,0.2,1.0,1.0
nfcorpus-PLAIN-457,medical,0.399917,0.600083,0.0,0.0,0.0,0.0,0.0,0.0,0.0,0.0
scifact-540,scientific,0.380717,0.619283,0.5,0.3333333333333333,0.38685280723454163,0.3065735963827292,0.1,0.1,0.5,0.5
scifact-1382,scientific,0.381,0.619,0.2,0.5,0.38685280723454163,0.6309297535714575,0.1,0.1,1.0,1.0
nfcorpus-PLAIN-2386,medical,0.347083,0.652917,0.0,0.0,0.0,0.0,0.0,0.0,0.0,0.0
scifact-743,scientific,0.34405,0.65595,0.5,0.25,0.6309297535714575,0.43067655807339306,0.1,0.1,1.0,1.0
nfcorpus-PLAIN-2590,medical,0.40605,0.59395,0.3333333333333333,0.25,0.06384449306336941,0.06263369747100389,0.2,0.2,0.031746031746031744,0.031746031746031744
arguana-test-international-gmehwasr-pro02a,argumentation,0.330833,0.669167,0.25,0.25,0.43067655807339306,0.43067655807339306,0.1,0.1,1.0,1.0
scifact-589,scientific,0.325917,0.674083,1.0,1.0,1.0,1.0,0.1,0.1,1.0,1.0
scifact-911,scientific,0.354133,0.645867,1.0,1.0,1.0,1.0,0.1,0.1,1.0,1.0
nfcorpus-PLAIN-2560,medical,0.403517,0.596483,1.0,1.0,0.933745776545611,0.933745776545611,0.9,0.9,0.42857142857142855,0.42857142857142855
scifact-380,scientific,0.388717,0.611283,1.0,1.0,1.0,1.0,0.1,0.1,1.0,1.0
nfcorpus-PLAIN-2440,medical,0.386517,0.613483,0.0,0.0,0.0,0.0,0.0,0.0,0.0,0.0
scifact-1175,scientific,0.370433,0.629567,0.0,0.0,0.0,0.0,0.0,0.0,0.0,0.0
nfcorpus-PLAIN-623,medical,0.381417,0.618583,0.5,0.5,0.36933625363427164,0.3845937724137609,0.4,0.4,0.0975609756097561,0.0975609756097561
scifact-13,scientific,0.3936,0.6064,0.0,0.0,0.0,0.0,0.0,0.0,0.0,0.0
arguana-test-religion-frghbbgi-con03a,argumentation,0.274333,0.725667,0.5,0.3333333333333333,0.6309297535714575,0.5,0.1,0.1,1.0,1.0
nfcorpus-PLAIN-902,medical,0.3075,0.6925,1.0,0.3333333333333333,0.6366824387328317,0.36331756126716835,0.2,0.2,0.5,0.5
fiqa-9296,finance,0.389267,0.610733,1.0,1.0,0.6131471927654584,0.6131471927654584,0.1,0.1,0.5,0.5
nfcorpus-PLAIN-2730,medical,0.38175,0.61825,0.2,0.5,0.16574839053045343,0.23785499282923092,0.2,0.2,0.06896551724137931,0.06896551724137931
fiqa-8271,finance,0.376133,0.623867,1.0,1.0,0.6131471927654584,0.6131471927654584,0.1,0.1,0.5,0.5
fiqa-604,finance,0.38695,0.61305,0.5,0.5,0.2960819109658652,0.5853898393086269,0.1,0.3,0.3333333333333333,1.0
nfcorpus-PLAIN-721,medical,0.317233,0.682767,0.5,0.0,0.7799082337019199,0.0,0.9,0.0,0.36,0.0
scifact-914,scientific,0.395317,0.604683,0.0,0.25,0.0,0.43067655807339306,0.0,0.1,0.0,1.0
scifact-261,scientific,0.387167,0.612833,0.1111111111111111,0.1,0.18457569677956817,0.17723928678404774,0.1,0.1,0.5,0.5
nfcorpus-PLAIN-3161,medical,0.356817,0.643183,1.0,1.0,0.5044700941962198,0.5026415527667187,0.2,0.2,0.046511627906976744,0.046511627906976744
scifact-324,scientific,0.378183,0.621817,0.0,0.14285714285714285,0.0,0.3333333333333333,0.0,0.1,0.0,1.0
nfcorpus-PLAIN-2134,medical,0.407117,0.592883,0.0,0.0,0.0,0.0,0.0,0.0,0.0,0.0
fiqa-2010,finance,0.38425,0.61575,1.0,1.0,0.8194270280062366,0.86034433104172,0.3,0.3,1.0,1.0
fiqa-5505,finance,0.385233,0.614767,1.0,1.0,1.0,1.0,0.1,0.1,1.0,1.0
nfcorpus-PLAIN-175,medical,0.40385,0.59615,1.0,1.0,0.23945264781598383,0.22673239435233314,0.3,0.3,0.08108108108108109,0.08108108108108109
fiqa-5185,finance,0.371067,0.628933,0.0,0.0,0.0,0.0,0.0,0.0,0.0,0.0
nfcorpus-PLAIN-383,medical,0.388683,0.611317,0.16666666666666666,0.14285714285714285,0.1208113026994942,0.11305340175787204,0.1,0.1,0.2,0.2
arguana-test-philosophy-pphbclsbs-pro04a,argumentation,0.283567,0.716433,0.0,0.0,0.0,0.0,0.0,0.0,0.0,0.0
fiqa-4827,finance,0.360083,0.639917,0.5,0.5,0.6309297535714575,0.6309297535714575,0.1,0.1,1.0,1.0
scifact-1273,scientific,0.2984,0.7016,1.0,1.0,1.0,1.0,0.1,0.1,1.0,1.0
nfcorpus-PLAIN-1731,medical,0.293083,0.706917,1.0,1.0,0.7653606369886217,0.7653606369886217,0.2,0.2,0.6666666666666666,0.6666666666666666
fiqa-8,finance,0.354367,0.645633,1.0,1.0,0.6131471927654584,0.6131471927654584,0.1,0.1,0.5,0.5
nfcorpus-PLAIN-2092,medical,0.304567,0.695433,1.0,1.0,0.6172839611614819,0.6177639991612475,0.5,0.5,0.5,0.5
fiqa-2747,finance,0.366367,0.633633,1.0,1.0,1.0,1.0,0.1,0.1,1.0,1.0
scifact-880,scientific,0.3809,0.6191,1.0,1.0,1.0,1.0,0.1,0.1,1.0,1.0
fiqa-4500,finance,0.387617,0.612383,0.0,0.0,0.0,0.0,0.0,0.0,0.0,0.0
nfcorpus-PLAIN-3452,medical,0.358833,0.641167,1.0,0.5,0.5003651663297619,0.2795306863468665,0.4,0.2,0.23529411764705882,0.11764705882352941
arguana-test-politics-oglilpdwhsn-con03a,argumentation,0.349033,0.650967,0.14285714285714285,0.16666666666666666,0.3333333333333333,0.3562071871080222,0.1,0.1,1.0,1.0
arguana-test-philosophy-elhbrd-con02a,argumentation,0.307283,0.692717,0.1,0.1,0.2890648263178879,0.2890648263178879,0.1,0.1,1.0,1.0
arguana-test-economy-egppphbcb-pro01a,argumentation,0.283667,0.716333,0.5,0.5,0.6309297535714575,0.6309297535714575,0.1,0.1,1.0,1.0
arguana-test-politics-cdmaggpdgdf-pro01a,argumentation,0.3132,0.6868,0.3333333333333333,0.3333333333333333,0.5,0.5,0.1,0.1,1.0,1.0
arguana-test-religion-cmrsgfhbr-pro02a,argumentation,0.3123,0.6877,0.0,0.0,0.0,0.0,0.0,0.0,0.0,0.0
arguana-test-sport-ybfgsohbhog-pro04a,argumentation,0.310817,0.689183,0.5,0.5,0.6309297535714575,0.6309297535714575,0.1,0.1,1.0,1.0
arguana-test-education-pshhghwpba0-pro01a,argumentation,0.345483,0.654517,0.25,0.3333333333333333,0.43067655807339306,0.5,0.1,0.1,1.0,1.0
fiqa-3829,finance,0.38635,0.61365,0.0,0.0,0.0,0.0,0.0,0.0,0.0,0.0
arguana-test-international-aghwrem-con04a,argumentation,0.3192,0.6808,0.3333333333333333,0.3333333333333333,0.5,0.5,0.1,0.1,1.0,1.0
scifact-386,scientific,0.347233,0.652767,1.0,1.0,1.0,1.0,0.1,0.1,1.0,1.0
nfcorpus-PLAIN-892,medical,0.3936,0.6064,1.0,1.0,0.22009176629808017,0.22009176629808017,0.1,0.1,0.010869565217391304,0.010869565217391304
fiqa-9644,finance,0.391567,0.608433,1.0,1.0,1.0,1.0,0.1,0.1,1.0,1.0
scifact-399,scientific,0.289983,0.710017,1.0,1.0,1.0,1.0,0.1,0.1,1.0,1.0
arguana-test-politics-mtpghwaacb-pro03a,argumentation,0.359433,0.640567,0.1,0.0,0.2890648263178879,0.0,0.1,0.0,1.0,0.0
arguana-test-education-udfakusma-con01a,argumentation,0.30475,0.69525,0.14285714285714285,0.25,0.3333333333333333,0.43067655807339306,0.1,0.1,1.0,1.0
arguana-test-philosophy-ippelhbcp-pro03a,argumentation,0.276983,0.723017,0.25,0.2,0.43067655807339306,0.38685280723454163,0.1,0.1,1.0,1.0
scifact-975,scientific,0.376217,0.623783,0.0,0.0,0.0,0.0,0.0,0.0,0.0,0.0
arguana-test-politics-ghbgussbsbt-con03a,argumentation,0.2754,0.7246,0.25,0.25,0.43067655807339306,0.43067655807339306,0.1,0.1,1.0,1.0
nfcorpus-PLAIN-1611,medical,0.408067,0.591933,0.0,0.0,0.0,0.0,0.0,0.0,0.0,0.0
nfcorpus-PLAIN-12,medical,0.398917,0.601083,0.0,0.0,0.0,0.0,0.0,0.0,0.0,0.0
fiqa-8779,finance,0.378333,0.621667,0.14285714285714285,0.16666666666666666,0.20438239758848611,0.21840743681816419,0.1,0.1,0.5,0.5
arguana-test-international-eghrhbeusli-con05a,argumentation,0.2921,0.7079,0.0,0.0,0.0,0.0,0.0,0.0,0.0,0.0
nfcorpus-PLAIN-291,medical,0.41665,0.58335,1.0,1.0,0.43735247915031,0.4537425745411855,0.3,0.3,0.23076923076923078,0.23076923076923078
arguana-test-culture-ascidfakhba-con02a,argumentation,0.371667,0.628333,0.2,0.2,0.38685280723454163,0.38685280723454163,0.1,0.1,1.0,1.0
nfcorpus-PLAIN-2800,medical,0.394467,0.605533,0.2,0.2,0.043933493004032285,0.043933493004032285,0.1,0.1,0.041666666666666664,0.041666666666666664
scifact-1280,scientific,0.349467,0.650533,0.0,0.0,0.0,0.0,0.0,0.0,0.0,0.0
scifact-834,scientific,0.399633,0.600367,0.0,0.0,0.0,0.0,0.0,0.0,0.0,0.0
nfcorpus-PLAIN-520,medical,0.405233,0.594767,0.0,0.0,0.0,0.0,0.0,0.0,0.0,0.0
arguana-test-education-udfakusma-con02a,argumentation,0.305183,0.694817,0.0,0.0,0.0,0.0,0.0,0.0,0.0,0.0
arguana-test-health-dhghwapgd-pro04a,argumentation,0.335633,0.664367,0.0,0.0,0.0,0.0,0.0,0.0,0.0,0.0
scifact-770,scientific,0.362833,0.637167,1.0,1.0,1.0,1.0,0.1,0.1,1.0,1.0
fiqa-1826,finance,0.3633,0.6367,1.0,1.0,0.9447176050778178,1.0,0.4,0.4,1.0,1.0
scifact-577,scientific,0.374783,0.625217,0.0,0.1111111111111111,0.0,0.3010299956639812,0.0,0.1,0.0,1.0
arguana-test-international-gmehwasr-con01a,argumentation,0.28015,0.71985,0.25,0.5,0.43067655807339306,0.6309297535714575,0.1,0.1,1.0,1.0
scifact-49,scientific,0.344983,0.655017,1.0,1.0,1.0,1.0,0.1,0.1,1.0,1.0
nfcorpus-PLAIN-1249,medical,0.40805,0.59195,0.0,0.0,0.0,0.0,0.0,0.0,0.0,0.0
fiqa-3909,finance,0.393967,0.606033,1.0,1.0,0.31488013066763093,0.33013764944712026,0.2,0.2,0.2,0.2
fiqa-11088,finance,0.3916,0.6084,0.25,0.5,0.43067655807339306,0.6309297535714575,0.1,0.1,1.0,1.0
arguana-test-culture-tlhrilsfhwr-pro03a,argumentation,0.29815,0.70185,0.3333333333333333,0.3333333333333333,0.5,0.5,0.1,0.1,1.0,1.0
nfcorpus-PLAIN-2197,medical,0.295517,0.704483,1.0,1.0,0.7695261902392829,0.70844095012329,0.7,0.6,0.1206896551724138,0.10344827586206896
arguana-test-international-ipecfiepg-pro03a,argumentation,0.34815,0.65185,0.1,0.0,0.2890648263178879,0.0,0.1,0.0,1.0,0.0
scifact-1281,scientific,0.395167,0.604833,0.0,0.0,0.0,0.0,0.0,0.0,0.0,0.0
fiqa-4125,finance,0.4241,0.5759,0.0,0.0,0.0,0.0,0.0,0.0,0.0,0.0
nfcorpus-PLAIN-2780,medical,0.3652,0.6348,1.0,1.0,0.4605892874354671,0.45827052198749013,0.6,0.6,0.2727272727272727,0.2727272727272727
fiqa-6612,finance,0.38235,0.61765,0.0,0.0,0.0,0.0,0.0,0.0,0.0,0.0
nfcorpus-PLAIN-3221,medical,0.359633,0.640367,0.1111111111111111,0.2,0.046004014040457224,0.05911963004335771,0.1,0.1,0.041666666666666664,0.041666666666666664
scifact-532,scientific,0.3782,0.6218,1.0,1.0,1.0,1.0,0.1,0.1,1.0,1.0
fiqa-504,finance,0.382167,0.617833,0.0,0.0,0.0,0.0,0.0,0.0,0.0,0.0
nfcorpus-PLAIN-1214,medical,0.405233,0.594767,0.0,0.0,0.0,0.0,0.0,0.0,0.0,0.0
fiqa-2264,finance,0.390317,0.609683,0.0,0.0,0.0,0.0,0.0,0.0,0.0,0.0
fiqa-622,finance,0.3872,0.6128,0.0,0.0,0.0,0.0,0.0,0.0,0.0,0.0
arguana-test-economy-bepahbtsnrt-con03a,argumentation,0.270167,0.729833,0.5,0.5,0.6309297535714575,0.6309297535714575,0.1,0.1,1.0,1.0
arguana-test-culture-thbcsbptwhht-con01a,argumentation,0.289,0.711,0.16666666666666666,0.2,0.3562071871080222,0.38685280723454163,0.1,0.1,1.0,1.0
arguana-test-international-eiahwpamu-pro01a,argumentation,0.31025,0.68975,0.3333333333333333,0.25,0.5,0.43067655807339306,0.1,0.1,1.0,1.0
arguana-test-health-dhghhbampt-pro01a,argumentation,0.283817,0.716183,0.25,0.25,0.43067655807339306,0.43067655807339306,0.1,0.1,1.0,1.0
arguana-test-law-lgplhbssbco-con02a,argumentation,0.351,0.649,0.5,0.5,0.6309297535714575,0.6309297535714575,0.1,0.1,1.0,1.0
scifact-1270,scientific,0.370683,0.629317,1.0,1.0,1.0,1.0,0.1,0.1,1.0,1.0
arguana-test-digital-freedoms-eifdfaihs-pro02a,argumentation,0.281933,0.718067,0.16666666666666666,0.16666666666666666,0.3562071871080222,0.3562071871080222,0.1,0.1,1.0,1.0
scifact-637,scientific,0.368417,0.631583,1.0,0.5,1.0,0.6309297535714575,0.1,0.1,1.0,1.0
nfcorpus-PLAIN-2920,medical,0.391517,0.608483,0.0,0.0,0.0,0.0,0.0,0.0,0.0,0.0
scifact-5,scientific,0.414967,0.585033,1.0,0.5,1.0,0.6309297535714575,0.1,0.1,1.0,1.0
nfcorpus-PLAIN-1193,medical,0.387167,0.612833,0.0,0.0,0.0,0.0,0.0,0.0,0.0,0.0
scifact-128,scientific,0.385967,0.614033,0.0,0.0,0.0,0.0,0.0,0.0,0.0,0.0
scifact-575,scientific,0.385617,0.614383,0.16666666666666666,0.25,0.3562071871080222,0.43067655807339306,0.1,0.1,1.0,1.0
nfcorpus-PLAIN-2167,medical,0.413917,0.586083,0.0,0.0,0.0,0.0,0.0,0.0,0.0,0.0
fiqa-7269,finance,0.388633,0.611367,0.0,0.1111111111111111,0.0,0.3010299956639812,0.0,0.1,0.0,1.0
arguana-test-international-iighbopcc-pro02a,argumentation,0.315717,0.684283,0.1111111111111111,0.125,0.3010299956639812,0.31546487678572877,0.1,0.1,1.0,1.0
arguana-test-law-hrilpgwhwr-con04a,argumentation,0.310867,0.689133,0.3333333333333333,0.3333333333333333,0.5,0.5,0.1,0.1,1.0,1.0
fiqa-2384,finance,0.38795,0.61205,0.125,0.16666666666666666,0.31546487678572877,0.3562071871080222,0.1,0.1,1.0,1.0
scifact-674,scientific,0.373317,0.626683,0.25,0.14285714285714285,0.43067655807339306,0.3333333333333333,0.1,0.1,1.0,1.0
arguana-test-politics-eppghwlrba-pro04a,argumentation,0.333867,0.666133,0.3333333333333333,0.3333333333333333,0.5,0.5,0.1,0.1,1.0,1.0
nfcorpus-PLAIN-2375,medical,0.282117,0.717883,0.0,0.0,0.0,0.0,0.0,0.0,0.0,0.0
scifact-845,scientific,0.377283,0.622717,0.5,0.5,0.6309297535714575,0.6309297535714575,0.1,0.1,1.0,1.0
scifact-768,scientific,0.4045,0.5955,0.0,0.0,0.0,0.0,0.0,0.0,0.0,0.0
fiqa-1736,finance,0.416317,0.583683,1.0,1.0,0.4371994911049732,0.45221360703148816,0.2,0.2,0.4,0.4
arguana-test-politics-gvhwhnerse-con03a,argumentation,0.305233,0.694767,0.5,0.5,0.6309297535714575,0.6309297535714575,0.1,0.1,1.0,1.0
nfcorpus-PLAIN-2102,medical,0.4214,0.5786,0.3333333333333333,0.3333333333333333,0.11004588314904008,0.11004588314904008,0.1,0.1,0.0023752969121140144,0.0023752969121140144
scifact-1232,scientific,0.3988,0.6012,1.0,1.0,1.0,1.0,0.1,0.1,1.0,1.0
scifact-1213,scientific,0.4018,0.5982,0.0,0.0,0.0,0.0,0.0,0.0,0.0,0.0
fiqa-1676,finance,0.387317,0.612683,1.0,1.0,0.5078961547485289,0.6207412960974641,0.2,0.3,0.5,0.75
arguana-test-education-ufsdfkhbwu-pro01a,argumentation,0.320133,0.679867,0.1111111111111111,0.125,0.3010299956639812,0.31546487678572877,0.1,0.1,1.0,1.0
nfcorpus-PLAIN-270,medical,0.3683,0.6317,1.0,1.0,0.22009176629808017,0.22009176629808017,0.1,0.1,0.019230769230769232,0.019230769230769232
fiqa-475,finance,0.411083,0.588917,0.3333333333333333,0.5,0.5,0.6309297535714575,0.1,0.1,1.0,1.0
fiqa-6395,finance,0.375967,0.624033,0.0,0.0,0.0,0.0,0.0,0.0,0.0,0.0
arguana-test-politics-mtpghwaacb-con03a,argumentation,0.315433,0.684567,0.0,0.0,0.0,0.0,0.0,0.0,0.0,0.0
scifact-1049,scientific,0.39065,0.60935,0.0,0.0,0.0,0.0,0.0,0.0,0.0,0.0
fiqa-895,finance,0.378867,0.621133,0.3333333333333333,0.3333333333333333,0.5,0.5,0.1,0.1,1.0,1.0
fiqa-2118,finance,0.37865,0.62135,0.0,0.0,0.0,0.0,0.0,0.0,0.0,0.0
arguana-test-international-eghrhbeusli-pro01a,argumentation,0.309533,0.690467,0.5,0.5,0.6309297535714575,0.6309297535714575,0.1,0.1,1.0,1.0
fiqa-5231,finance,0.3837,0.6163,0.0,0.0,0.0,0.0,0.0,0.0,0.0,0.0
scifact-1024,scientific,0.363483,0.636517,0.3333333333333333,0.25,0.5,0.43067655807339306,0.1,0.1,1.0,1.0
nfcorpus-PLAIN-1877,medical,0.391283,0.608717,0.0,0.0,0.0,0.0,0.0,0.0,0.0,0.0
arguana-test-science-eassgbatj-con05a,argumentation,0.336783,0.663217,0.0,0.0,0.0,0.0,0.0,0.0,0.0,0.0
fiqa-8789,finance,0.32205,0.67795,1.0,1.0,0.7653606369886217,0.7653606369886217,0.2,0.2,0.6666666666666666,0.6666666666666666
arguana-test-digital-freedoms-efsappgdfp-pro03a,argumentation,0.293867,0.706133,0.2,0.2,0.38685280723454163,0.38685280723454163,0.1,0.1,1.0,1.0
arguana-test-sport-tshbmlbscac-pro02a,argumentation,0.273317,0.726683,0.2,0.125,0.38685280723454163,0.31546487678572877,0.1,0.1,1.0,1.0
fiqa-9737,finance,0.391167,0.608833,0.2,0.25,0.34870224750355494,0.38364913903790027,0.2,0.2,0.6666666666666666,0.6666666666666666
fiqa-4414,finance,0.40725,0.59275,0.14285714285714285,0.14285714285714285,0.20438239758848611,0.20438239758848611,0.1,0.1,0.5,0.5
arguana-test-politics-oepdlhfcefp-pro04a,argumentation,0.3089,0.6911,0.14285714285714285,0.14285714285714285,0.3333333333333333,0.3333333333333333,0.1,0.1,1.0,1.0
scifact-800,scientific,0.3765,0.6235,0.125,0.2,0.31546487678572877,0.38685280723454163,0.1,0.1,1.0,1.0
fiqa-3859,finance,0.386433,0.613567,0.0,0.0,0.0,0.0,0.0,0.0,0.0,0.0
scifact-443,scientific,0.342017,0.657983,1.0,1.0,1.0,1.0,0.1,0.1,1.0,1.0
fiqa-8934,finance,0.387367,0.612633,0.0,0.0,0.0,0.0,0.0,0.0,0.0,0.0
scifact-268,scientific,0.365867,0.634133,0.2,0.2,0.38685280723454163,0.38685280723454163,0.1,0.1,1.0,1.0
fiqa-2316,finance,0.397867,0.602133,1.0,1.0,0.6131471927654584,0.6131471927654584,0.1,0.1,0.5,0.5
fiqa-90,finance,0.396517,0.603483,0.3333333333333333,0.5,0.5,0.6309297535714575,0.1,0.1,1.0,1.0
scifact-54,scientific,0.36565,0.63435,0.25,0.5,0.43067655807339306,0.6309297535714575,0.1,0.1,1.0,1.0
nfcorpus-PLAIN-1299,medical,0.3737,0.6263,0.0,0.0,0.0,0.0,0.0,0.0,0.0,0.0
arguana-test-education-tuhwastua-pro04a,argumentation,0.277683,0.722317,0.16666666666666666,0.16666666666666666,0.3562071871080222,0.3562071871080222,0.1,0.1,1.0,1.0
scifact-702,scientific,0.393083,0.606917,0.5,0.5,0.6309297535714575,0.6309297535714575,0.1,0.1,1.0,1.0
arguana-test-philosophy-apessghwba-pro01a,argumentation,0.308683,0.691317,0.125,0.1,0.31546487678572877,0.2890648263178879,0.1,0.1,1.0,1.0
nfcorpus-PLAIN-2281,medical,0.408917,0.591083,0.0,0.0,0.0,0.0,0.0,0.0,0.0,0.0
scifact-236,scientific,0.395417,0.604583,1.0,1.0,1.0,1.0,0.1,0.1,1.0,1.0
fiqa-4813,finance,0.3871,0.6129,0.25,0.5,0.43067655807339306,0.6309297535714575,0.1,0.1,1.0,1.0
scifact-593,scientific,0.3743,0.6257,1.0,1.0,1.0,1.0,0.1,0.1,1.0,1.0
arguana-test-international-ipecfiepg-pro01a,argumentation,0.320517,0.679483,0.3333333333333333,0.25,0.5,0.43067655807339306,0.1,0.1,1.0,1.0
arguana-test-economy-epegiahsc-con02a,argumentation,0.2645,0.7355,0.1111111111111111,0.125,0.3010299956639812,0.31546487678572877,0.1,0.1,1.0,1.0
arguana-test-sport-otshwbe2uuyt-con02a,argumentation,0.306417,0.693583,0.1111111111111111,0.1111111111111111,0.3010299956639812,0.3010299956639812,0.1,0.1,1.0,1.0
fiqa-2513,finance,0.379033,0.620967,0.2,0.25,0.38685280723454163,0.43067655807339306,0.1,0.1,1.0,1.0
fiqa-6468,finance,0.3716,0.6284,1.0,1.0,0.6131471927654584,0.6131471927654584,0.1,0.1,0.5,0.5
scifact-508,scientific,0.370167,0.629833,0.0,0.0,0.0,0.0,0.0,0.0,0.0,0.0
nfcorpus-PLAIN-2396,medical,0.374767,0.625233,0.0,0.0,0.0,0.0,0.0,0.0,0.0,0.0
fiqa-9617,finance,0.373067,0.626933,1.0,1.0,0.46927872602275644,0.46927872602275644,0.1,0.1,0.3333333333333333,0.3333333333333333
nfcorpus-PLAIN-1721,medical,0.375683,0.624317,0.5,0.25,0.20248323207250624,0.09478836436955078,0.2,0.1,0.06451612903225806,0.03225806451612903
fiqa-2383,finance,0.373317,0.626683,1.0,1.0,0.6131471927654584,0.6131471927654584,0.1,0.1,0.5,0.5
arguana-test-international-ipecfiepg-con03a,argumentation,0.327533,0.672467,0.0,0.0,0.0,0.0,0.0,0.0,0.0,0.0
scifact-1140,scientific,0.3922,0.6078,0.14285714285714285,0.5,0.3333333333333333,0.6309297535714575,0.1,0.1,1.0,1.0
arguana-test-religion-msgfhwbamec-con02a,argumentation,0.274283,0.725717,0.3333333333333333,0.25,0.5,0.43067655807339306,0.1,0.1,1.0,1.0
nfcorpus-PLAIN-3026,medical,0.428483,0.571517,0.0,0.14285714285714285,0.0,0.3333333333333333,0.0,0.1,0.0,1.0
scifact-727,scientific,0.3637,0.6363,0.0,0.1111111111111111,0.0,0.3010299956639812,0.0,0.1,0.0,1.0
nfcorpus-PLAIN-1151,medical,0.406217,0.593783,0.0,0.0,0.0,0.0,0.0,0.0,0.0,0.0
arguana-test-economy-epiasghbf-con03a,argumentation,0.313017,0.686983,0.5,0.5,0.6309297535714575,0.6309297535714575,0.1,0.1,1.0,1.0
fiqa-9548,finance,0.404933,0.595067,0.0,0.0,0.0,0.0,0.0,0.0,0.0,0.0
nfcorpus-PLAIN-2810,medical,0.404917,0.595083,0.125,0.125,0.03839956596878739,0.03839956596878739,0.1,0.1,0.125,0.125
nfcorpus-PLAIN-761,medical,0.390683,0.609317,0.3333333333333333,0.25,0.15130120674940672,0.21779548001177884,0.1,0.2,0.16666666666666666,0.3333333333333333
fiqa-3781,finance,0.406683,0.593317,0.16666666666666666,0.25,0.21840743681816419,0.2640681225725909,0.1,0.1,0.5,0.5
nfcorpus-PLAIN-1363,medical,0.314567,0.685433,0.0,0.0,0.0,0.0,0.0,0.0,0.0,0.0
arguana-test-politics-cdfsaphgiap-con01a,argumentation,0.28875,0.71125,0.3333333333333333,0.14285714285714285,0.5,0.3333333333333333,0.1,0.1,1.0,1.0
nfcorpus-PLAIN-882,medical,0.286767,0.713233,0.5,0.3333333333333333,0.3971921948634016,0.3683756341388872,0.4,0.4,0.26666666666666666,0.26666666666666666
nfcorpus-PLAIN-3271,medical,0.3868,0.6132,0.0,0.0,0.0,0.0,0.0,0.0,0.0,0.0
scifact-436,scientific,0.374733,0.625267,1.0,1.0,1.0,1.0,0.1,0.1,1.0,1.0
nfcorpus-PLAIN-792,medical,0.274733,0.725267,0.5,0.2,0.3422220729283414,0.21252302622743086,0.2,0.2,0.3333333333333333,0.3333333333333333
arguana-test-law-cplglghwbhwd-con03a,argumentation,0.346033,0.653967,0.5,0.5,0.6309297535714575,0.6309297535714575,0.1,0.1,1.0,1.0
arguana-test-international-aegmeppghw-pro04a,argumentation,0.322367,0.677633,0.2,0.2,0.38685280723454163,0.38685280723454163,0.1,0.1,1.0,1.0
arguana-test-free-speech-debate-magghbcrg-pro03a,argumentation,0.277117,0.722883,0.14285714285714285,0.2,0.3333333333333333,0.38685280723454163,0.1,0.1,1.0,1.0
nfcorpus-PLAIN-1805,medical,0.384933,0.615067,1.0,1.0,0.6840182226156365,0.8389574121760602,0.6,0.8,0.05172413793103448,0.06896551724137931
nfcorpus-PLAIN-1088,medical,0.277317,0.722683,0.5,0.0,0.38356636737133565,0.0,0.2,0.0,0.4,0.0
nfcorpus-PLAIN-56,medical,0.403233,0.596767,1.0,1.0,0.7370087804818881,0.7571485386408637,0.5,0.6,0.1,0.12
fiqa-750,finance,0.38505,0.61495,1.0,1.0,0.8065735963827293,0.8065735963827293,0.2,0.2,1.0,1.0
fiqa-1530,finance,0.40825,0.59175,1.0,1.0,0.617319681505689,0.6713860725233041,0.2,0.2,0.6666666666666666,0.6666666666666666
fiqa-1310,finance,0.392217,0.607783,0.0,0.0,0.0,0.0,0.0,0.0,0.0,0.0
nfcorpus-PLAIN-1275,medical,0.315933,0.684067,1.0,1.0,0.4690000933206748,0.5352543167750639,0.3,0.4,0.05454545454545454,0.07272727272727272
scifact-1368,scientific,0.39325,0.60675,0.0,0.0,0.0,0.0,0.0,0.0,0.0,0.0
fiqa-9633,finance,0.39785,0.60215,0.2,0.2,0.23719771276929622,0.23719771276929622,0.1,0.1,0.5,0.5
fiqa-620,finance,0.382217,0.617783,0.0,0.0,0.0,0.0,0.0,0.0,0.0,0.0
nfcorpus-PLAIN-3412,medical,0.37025,0.62975,1.0,1.0,0.2641250075778309,0.2641250075778309,0.3,0.3,0.061224489795918366,0.061224489795918366
arguana-test-international-eghrhbeusli-con04a,argumentation,0.2936,0.7064,0.5,0.3333333333333333,0.6309297535714575,0.5,0.1,0.1,1.0,1.0
arguana-test-international-aegmeppghw-con01a,argumentation,0.317817,0.682183,0.2,0.2,0.38685280723454163,0.38685280723454163,0.1,0.1,1.0,1.0
nfcorpus-PLAIN-701,medical,0.3735,0.6265,1.0,1.0,0.361879195385413,0.3430427114200248,0.2,0.2,0.25,0.25
fiqa-4102,finance,0.400883,0.599117,0.125,0.14285714285714285,0.123151194370365,0.13012668333070054,0.1,0.1,0.25,0.25
scifact-298,scientific,0.358633,0.641367,1.0,1.0,1.0,1.0,0.1,0.1,1.0,1.0
nfcorpus-PLAIN-1098,medical,0.408067,0.591933,0.0,0.0,0.0,0.0,0.0,0.0,0.0,0.0
arguana-test-education-egscphsrdt-con03a,argumentation,0.308367,0.691633,0.3333333333333333,0.3333333333333333,0.5,0.5,0.1,0.1,1.0,1.0
fiqa-3682,finance,0.389117,0.610883,0.0,0.0,0.0,0.0,0.0,0.0,0.0,0.0
fiqa-547,finance,0.41515,0.58485,0.0,0.0,0.0,0.0,0.0,0.0,0.0,0.0
scifact-185,scientific,0.4026,0.5974,1.0,1.0,1.0,1.0,0.1,0.1,1.0,1.0
arguana-test-international-segiahbarr-con02a,argumentation,0.272783,0.727217,0.0,0.1,0.0,0.2890648263178879,0.0,0.1,0.0,1.0
arguana-test-digital-freedoms-dfiphbgs-con03a,argumentation,0.29205,0.70795,0.0,0.0,0.0,0.0,0.0,0.0,0.0,0.0
fiqa-9188,finance,0.30195,0.69805,1.0,1.0,0.6131471927654584,0.8315546295836225,0.1,0.2,0.5,1.0
arguana-test-culture-mthbah-con01a,argumentation,0.302383,0.697617,0.125,0.125,0.31546487678572877,0.31546487678572877,0.1,0.1,1.0,1.0
scifact-338,scientific,0.369267,0.630733,1.0,1.0,1.0,1.0,0.1,0.1,1.0,1.0
arguana-test-science-nsihwbtiss-con03a,argumentation,0.280017,0.719983,0.3333333333333333,0.3333333333333333,0.5,0.5,0.1,0.1,1.0,1.0
nfcorpus-PLAIN-510,medical,0.37925,0.62075,0.0,0.0,0.0,0.0,0.0,0.0,0.0,0.0
scifact-57,scientific,0.315683,0.684317,1.0,1.0,1.0,1.0,0.1,0.1,1.0,1.0
arguana-test-free-speech-debate-ldhwprhs-pro01a,argumentation,0.329267,0.670733,0.0,0.0,0.0,0.0,0.0,0.0,0.0,0.0
scifact-718,scientific,0.3724,0.6276,1.0,1.0,1.0,1.0,0.1,0.1,1.0,1.0
fiqa-1920,finance,0.3856,0.6144,0.1111111111111111,0.125,0.3010299956639812,0.31546487678572877,0.1,0.1,1.0,1.0
arguana-test-philosophy-apessghwba-pro04a,argumentation,0.292217,0.707783,0.5,0.5,0.6309297535714575,0.6309297535714575,0.1,0.1,1.0,1.0
nfcorpus-PLAIN-2530,medical,0.372117,0.627883,1.0,1.0,0.9053206285482487,0.9134166588977729,1.0,1.0,0.1388888888888889,0.1388888888888889
scifact-808,scientific,0.375133,0.624867,1.0,1.0,1.0,1.0,0.1,0.1,1.0,1.0
scifact-148,scientific,0.3774,0.6226,1.0,1.0,1.0,1.0,0.1,0.1,1.0,1.0
scifact-53,scientific,0.36625,0.63375,1.0,1.0,1.0,1.0,0.1,0.1,1.0,1.0
arguana-test-philosophy-npegiepp-pro05a,argumentation,0.271983,0.728017,0.5,0.5,0.6309297535714575,0.6309297535714575,0.1,0.1,1.0,1.0
nfcorpus-PLAIN-806,medical,0.35645,0.64355,1.0,1.0,0.7467045958894682,0.7573821447149967,0.7,0.7,0.07291666666666667,0.07291666666666667
scifact-716,scientific,0.377117,0.622883,0.0,0.0,0.0,0.0,0.0,0.0,0.0,0.0
arguana-test-digital-freedoms-eifdfaihs-con01a,argumentation,0.28675,0.71325,0.0,0.0,0.0,0.0,0.0,0.0,0.0,0.0
fiqa-2051,finance,0.377767,0.622233,0.0,0.0,0.0,0.0,0.0,0.0,0.0,0.0
arguana-test-international-sepiahbaaw-pro03a,argumentation,0.27995,0.72005,0.3333333333333333,0.3333333333333333,0.5,0.5,0.1,0.1,1.0,1.0
scifact-1146,scientific,0.3851,0.6149,1.0,1.0,1.0,1.0,0.1,0.1,1.0,1.0
arguana-test-free-speech-debate-yfsdfkhbwu-pro01a,argumentation,0.320133,0.679867,0.125,0.14285714285714285,0.31546487678572877,0.3333333333333333,0.1,0.1,1.0,1.0
scifact-1180,scientific,0.36965,0.63035,0.1,0.0,0.2890648263178879,0.0,0.1,0.0,1.0,0.0
scifact-1282,scientific,0.38825,0.61175,1.0,1.0,1.0,1.0,0.1,0.1,1.0,1.0
scifact-1344,scientific,0.41825,0.58175,1.0,0.5,1.0,0.6309297535714575,0.1,0.1,1.0,1.0
nfcorpus-PLAIN-1387,medical,0.336367,0.663633,1.0,1.0,0.6300426811446146,0.6936634693435663,0.5,0.6,0.4166666666666667,0.5
arguana-test-science-ciidfaihwc-pro03a,argumentation,0.3068,0.6932,0.5,0.5,0.6309297535714575,0.6309297535714575,0.1,0.1,1.0,1.0
scifact-295,scientific,0.378867,0.621133,1.0,1.0,1.0,1.0,0.1,0.1,1.0,1.0
nfcorpus-PLAIN-2187,medical,0.408917,0.591083,1.0,1.0,0.23504554941448536,0.23504554941448536,0.1,0.1,0.1111111111111111,0.1111111111111111
scifact-132,scientific,0.3953,0.6047,0.0,0.0,0.0,0.0,0.0,0.0,0.0,0.0
arguana-test-politics-lghwdecm-con03a,argumentation,0.289883,0.710117,0.5,0.5,0.6309297535714575,0.6309297535714575,0.1,0.1,1.0,1.0
fiqa-9882,finance,0.4008,0.5992,0.0,0.0,0.0,0.0,0.0,0.0,0.0,0.0
scifact-249,scientific,0.373617,0.626383,1.0,1.0,1.0,1.0,0.1,0.1,1.0,1.0
scifact-1104,scientific,0.353967,0.646033,1.0,1.0,1.0,1.0,0.1,0.1,1.0,1.0
scifact-728,scientific,0.354333,0.645667,1.0,0.5,0.8772153153380493,0.6509209298071326,0.2,0.2,1.0,1.0
scifact-70,scientific,0.362817,0.637183,1.0,0.5,0.7977228895450266,0.38685280723454163,0.2,0.1,1.0,0.5
arguana-test-international-ghbunhf-con04a,argumentation,0.348133,0.651867,0.0,0.0,0.0,0.0,0.0,0.0,0.0,0.0
scifact-578,scientific,0.387983,0.612017,1.0,1.0,1.0,1.0,0.1,0.1,1.0,1.0
nfcorpus-PLAIN-1919,medical,0.395733,0.604267,1.0,1.0,0.727329844310522,0.7183627972686238,0.6,0.6,0.2222222222222222,0.2222222222222222
arguana-test-health-dhghwapgd-con01a,argumentation,0.28385,0.71615,0.5,0.5,0.6309297535714575,0.6309297535714575,0.1,0.1,1.0,1.0
arguana-test-politics-pgsimhwoia-con01a,argumentation,0.301483,0.698517,0.5,0.5,0.6309297535714575,0.6309297535714575,0.1,0.1,1.0,1.0
scifact-756,scientific,0.366333,0.633667,0.16666666666666666,0.25,0.3562071871080222,0.43067655807339306,0.1,0.1,1.0,1.0
arguana-test-religion-cmrsgfhbr-con01a,argumentation,0.355333,0.644667,0.5,0.5,0.6309297535714575,0.6309297535714575,0.1,0.1,1.0,1.0
nfcorpus-PLAIN-248,medical,0.394,0.606,0.2,0.2,0.23297260855707355,0.3031595321740454,0.3,0.4,0.0967741935483871,0.12903225806451613
fiqa-1309,finance,0.390833,0.609167,1.0,1.0,0.3903800499921017,0.3903800499921017,0.1,0.1,0.25,0.25
nfcorpus-PLAIN-1331,medical,0.417933,0.582067,0.0,0.0,0.0,0.0,0.0,0.0,0.0,0.0
fiqa-4411,finance,0.400783,0.599217,0.0,0.0,0.0,0.0,0.0,0.0,0.0,0.0
scifact-1335,scientific,0.377217,0.622783,1.0,1.0,1.0,1.0,0.1,0.1,1.0,1.0
fiqa-7221,finance,0.363883,0.636117,0.0,0.0,0.0,0.0,0.0,0.0,0.0,0.0
arguana-test-politics-ypppdghwid-pro03a,argumentation,0.274383,0.725617,0.5,0.5,0.6309297535714575,0.6309297535714575,0.1,0.1,1.0,1.0
scifact-501,scientific,0.369517,0.630483,0.5,1.0,0.6309297535714575,1.0,0.1,0.1,1.0,1.0
nfcorpus-PLAIN-671,medical,0.298667,0.701333,1.0,1.0,1.0,1.0,0.1,0.1,1.0,1.0
scifact-882,scientific,0.37515,0.62485,0.5,0.5,0.6309297535714575,0.6309297535714575,0.1,0.1,1.0,1.0
fiqa-5369,finance,0.407417,0.592583,0.0,0.0,0.0,0.0,0.0,0.0,0.0,0.0
arguana-test-international-aegmeppghw-pro02a,argumentation,0.309283,0.690717,0.0,0.0,0.0,0.0,0.0,0.0,0.0,0.0
arguana-test-free-speech-debate-nshbcsbawc-con03a,argumentation,0.28525,0.71475,0.0,0.0,0.0,0.0,0.0,0.0,0.0,0.0
scifact-690,scientific,0.403717,0.596283,0.0,0.0,0.0,0.0,0.0,0.0,0.0,0.0
arguana-test-sport-tshbmlbscac-con03a,argumentation,0.26065,0.73935,0.14285714285714285,0.16666666666666666,0.3333333333333333,0.3562071871080222,0.1,0.1,1.0,1.0
arguana-test-free-speech-debate-ldhwprhs-con03a,argumentation,0.295317,0.704683,0.2,0.2,0.38685280723454163,0.38685280723454163,0.1,0.1,1.0,1.0
nfcorpus-PLAIN-2510,medical,0.392,0.608,1.0,0.5,0.6791762645911431,0.5316927187122283,0.7,0.6,0.15217391304347827,0.13043478260869565
fiqa-2181,finance,0.38125,0.61875,0.0,0.0,0.0,0.0,0.0,0.0,0.0,0.0
nfcorpus-PLAIN-1288,medical,0.303983,0.696017,0.5,0.125,0.3436966913921454,0.13305201013572898,0.3,0.2,0.015306122448979591,0.01020408163265306
fiqa-7017,finance,0.375,0.625,0.0,0.0,0.0,0.0,0.0,0.0,0.0,0.0
fiqa-2580,finance,0.401,0.599,1.0,1.0,0.7653606369886217,0.7039180890341347,0.2,0.2,0.6666666666666666,0.6666666666666666
fiqa-9245,finance,0.391267,0.608733,0.0,0.0,0.0,0.0,0.0,0.0,0.0,0.0
scifact-1336,scientific,0.3928,0.6072,1.0,1.0,1.0,1.0,0.1,0.1,1.0,1.0
nfcorpus-PLAIN-531,medical,0.405033,0.594967,0.0,0.0,0.0,0.0,0.0,0.0,0.0,0.0
arguana-test-international-aghbfcpspr-pro04a,argumentation,0.3124,0.6876,0.0,0.0,0.0,0.0,0.0,0.0,0.0,0.0
nfcorpus-PLAIN-593,medical,0.301333,0.698667,1.0,1.0,0.46927872602275644,0.46927872602275644,0.1,0.1,0.3333333333333333,0.3333333333333333
arguana-test-health-hdond-con03a,argumentation,0.287967,0.712033,0.25,0.25,0.43067655807339306,0.43067655807339306,0.1,0.1,1.0,1.0
nfcorpus-PLAIN-238,medical,0.393467,0.606533,0.0,0.0,0.0,0.0,0.0,0.0,0.0,0.0
fiqa-5061,finance,0.39235,0.60765,0.0,0.0,0.0,0.0,0.0,0.0,0.0,0.0
scifact-118,scientific,0.364967,0.635033,1.0,1.0,1.0,1.0,0.1,0.1,1.0,1.0
scifact-1266,scientific,0.38465,0.61535,1.0,1.0,1.0,1.0,0.1,0.1,1.0,1.0
scifact-133,scientific,0.3907,0.6093,1.0,1.0,0.5684045686173149,0.5922216874835863,0.3,0.3,0.6,0.6
scifact-832,scientific,0.310983,0.689017,1.0,1.0,1.0,1.0,0.1,0.1,1.0,1.0
fiqa-6009,finance,0.383233,0.616767,0.2,0.2,0.38685280723454163,0.38685280723454163,0.1,0.1,1.0,1.0
nfcorpus-PLAIN-2061,medical,0.354467,0.645533,1.0,1.0,0.7510916729774053,0.7510916729774053,0.8,0.8,0.01951219512195122,0.01951219512195122
fiqa-2964,finance,0.403233,0.596767,0.0,0.0,0.0,0.0,0.0,0.0,0.0,0.0
scifact-440,scientific,0.37195,0.62805,1.0,1.0,1.0,1.0,0.1,0.1,1.0,1.0
scifact-1278,scientific,0.374983,0.625017,1.0,1.0,1.0,1.0,0.1,0.1,1.0,1.0
arguana-test-education-pteuhwfphe-pro03a,argumentation,0.329133,0.670867,0.2,0.25,0.38685280723454163,0.43067655807339306,0.1,0.1,1.0,1.0
fiqa-8592,finance,0.376383,0.623617,0.2,0.25,0.3295827480202853,0.34337431936037655,0.2,0.2,0.6666666666666666,0.6666666666666666
nfcorpus-PLAIN-3085,medical,0.384633,0.615367,0.5,0.3333333333333333,0.5802792108518124,0.5249810332008934,0.2,0.2,1.0,1.0
arguana-test-law-ilppppghb-con03a,argumentation,0.2884,0.7116,0.2,0.25,0.38685280723454163,0.43067655807339306,0.1,0.1,1.0,1.0
scifact-1359,scientific,0.357567,0.642433,1.0,1.0,1.0,1.0,0.1,0.1,1.0,1.0
fiqa-5951,finance,0.37745,0.62255,1.0,1.0,0.5412163092689025,0.4742708106036133,0.4,0.3,0.4444444444444444,0.3333333333333333
arguana-test-digital-freedoms-aihbiahr-pro03a,argumentation,0.332267,0.667733,0.2,0.16666666666666666,0.38685280723454163,0.3562071871080222,0.1,0.1,1.0,1.0
scifact-163,scientific,0.399767,0.600233,1.0,1.0,1.0,1.0,0.1,0.1,1.0,1.0
fiqa-7702,finance,0.405283,0.594717,0.3333333333333333,0.3333333333333333,0.3065735963827292,0.3065735963827292,0.1,0.1,0.5,0.5
arguana-test-international-appghblsba-pro02a,argumentation,0.275533,0.724467,0.2,0.25,0.38685280723454163,0.43067655807339306,0.1,0.1,1.0,1.0
arguana-test-digital-freedoms-aihbiahr-pro02a,argumentation,0.338933,0.661067,0.2,0.2,0.38685280723454163,0.38685280723454163,0.1,0.1,1.0,1.0
nfcorpus-PLAIN-1690,medical,0.404583,0.595417,0.0,0.0,0.0,0.0,0.0,0.0,0.0,0.0
fiqa-687,finance,0.37715,0.62285,0.0,0.0,0.0,0.0,0.0,0.0,0.0,0.0
fiqa-6629,finance,0.417217,0.582783,0.0,0.0,0.0,0.0,0.0,0.0,0.0,0.0
arguana-test-digital-freedoms-eifpgdff-pro02a,argumentation,0.318767,0.681233,0.16666666666666666,0.0,0.3562071871080222,0.0,0.1,0.0,1.0,0.0
scifact-124,scientific,0.3815,0.6185,1.0,1.0,1.0,1.0,0.1,0.1,1.0,1.0
nfcorpus-PLAIN-1887,medical,0.4233,0.5767,0.0,0.0,0.0,0.0,0.0,0.0,0.0,0.0
fiqa-4484,finance,0.4102,0.5898,0.5,1.0,0.6309297535714575,1.0,0.1,0.1,1.0,1.0
arguana-test-culture-ahrtsdlgra-pro03a,argumentation,0.300283,0.699717,0.5,0.5,0.6309297535714575,0.6309297535714575,0.1,0.1,1.0,1.0
fiqa-4116,finance,0.40845,0.59155,0.5,1.0,0.38685280723454163,0.6131471927654584,0.1,0.1,0.5,0.5
arguana-test-culture-ascidfakhba-pro04a,argumentation,0.337867,0.662133,0.0,0.1,0.0,0.2890648263178879,0.0,0.1,0.0,1.0
arguana-test-law-ralhrilglv-con03a,argumentation,0.332567,0.667433,0.5,0.5,0.6309297535714575,0.6309297535714575,0.1,0.1,1.0,1.0
nfcorpus-PLAIN-1940,medical,0.30735,0.69265,1.0,1.0,0.33013764944712026,0.33013764944712026,0.2,0.2,0.16666666666666666,0.16666666666666666
fiqa-7188,finance,0.3905,0.6095,0.25,0.2,0.43067655807339306,0.38685280723454163,0.1,0.1,1.0,1.0
scifact-294,scientific,0.39035,0.60965,0.0,0.0,0.0,0.0,0.0,0.0,0.0,0.0
scifact-837,scientific,0.374417,0.625583,1.0,1.0,1.0,1.0,0.1,0.1,1.0,1.0
scifact-208,scientific,0.3853,0.6147,1.0,1.0,1.0,1.0,0.1,0.1,1.0,1.0
fiqa-810,finance,0.408133,0.591867,0.0,0.0,0.0,0.0,0.0,0.0,0.0,0.0
scifact-700,scientific,0.3935,0.6065,0.5,0.5,0.6309297535714575,0.6309297535714575,0.1,0.1,1.0,1.0
arguana-test-politics-cpegiepgh-pro03a,argumentation,0.325267,0.674733,0.25,0.2,0.43067655807339306,0.38685280723454163,0.1,0.1,1.0,1.0
arguana-test-international-aegmeppghw-con04a,argumentation,0.30115,0.69885,0.2,0.25,0.38685280723454163,0.43067655807339306,0.1,0.1,1.0,1.0
fiqa-2891,finance,0.381067,0.618933,1.0,1.0,1.0,1.0,0.1,0.1,1.0,1.0
fiqa-9403,finance,0.423917,0.576083,0.0,0.0,0.0,0.0,0.0,0.0,0.0,0.0
scifact-36,scientific,0.354517,0.645483,0.0,0.0,0.0,0.0,0.0,0.0,0.0,0.0
arguana-test-digital-freedoms-eifpgdff-con02a,argumentation,0.308,0.692,0.5,0.5,0.6309297535714575,0.6309297535714575,0.1,0.1,1.0,1.0
nfcorpus-PLAIN-1867,medical,0.266983,0.733017,0.0,0.0,0.0,0.0,0.0,0.0,0.0,0.0
arguana-test-education-tuhwastua-pro03a,argumentation,0.277917,0.722083,0.5,0.5,0.6309297535714575,0.6309297535714575,0.1,0.1,1.0,1.0
fiqa-3837,finance,0.377667,0.622333,1.0,1.0,1.0,1.0,0.1,0.1,1.0,1.0
nfcorpus-PLAIN-3292,medical,0.403417,0.596583,1.0,1.0,0.6328896185682337,0.734113331031029,0.5,0.5,0.7142857142857143,0.7142857142857143
scifact-491,scientific,0.36555,0.63445,1.0,1.0,1.0,1.0,0.1,0.1,1.0,1.0
scifact-232,scientific,0.370717,0.629283,1.0,1.0,1.0,1.0,0.1,0.1,1.0,1.0
arguana-test-culture-mmctyshwbcp-con01a,argumentation,0.273533,0.726467,0.5,0.5,0.6309297535714575,0.6309297535714575,0.1,0.1,1.0,1.0
arguana-test-philosophy-pppgshbsd-pro02a,argumentation,0.3167,0.6833,0.14285714285714285,0.14285714285714285,0.3333333333333333,0.3333333333333333,0.1,0.1,1.0,1.0
fiqa-8632,finance,0.386933,0.613067,0.5,0.5,0.38685280723454163,0.38685280723454163,0.1,0.1,0.5,0.5
nfcorpus-PLAIN-2332,medical,0.372433,0.627567,1.0,1.0,0.3570764765963919,0.38363315291837646,0.3,0.3,0.030927835051546393,0.030927835051546393
arguana-test-society-mmcpsgfhbf-con02a,argumentation,0.295317,0.704683,0.5,0.5,0.6309297535714575,0.6309297535714575,0.1,0.1,1.0,1.0
arguana-test-culture-mmciahbans-con02a,argumentation,0.28495,0.71505,0.5,0.5,0.6309297535714575,0.6309297535714575,0.1,0.1,1.0,1.0
fiqa-6554,finance,0.381483,0.618517,1.0,0.5,0.6131471927654584,0.38685280723454163,0.1,0.1,0.5,0.5
arguana-test-international-eiahwpamu-con02a,argumentation,0.334417,0.665583,0.3333333333333333,0.3333333333333333,0.5,0.5,0.1,0.1,1.0,1.0
scifact-219,scientific,0.354083,0.645917,1.0,1.0,1.0,1.0,0.1,0.1,1.0,1.0
fiqa-10812,finance,0.375667,0.624333,1.0,1.0,0.5855700749881525,0.6366824387328317,0.2,0.2,0.5,0.5
fiqa-1198,finance,0.37255,0.62745,1.0,1.0,1.0,1.0,0.1,0.1,1.0,1.0
scifact-275,scientific,0.368867,0.631133,1.0,1.0,0.8072467605676945,0.8072467605676945,0.3,0.3,1.0,1.0
nfcorpus-PLAIN-997,medical,0.286833,0.713167,0.0,0.0,0.0,0.0,0.0,0.0,0.0,0.0
nfcorpus-PLAIN-1983,medical,0.38525,0.61475,0.5,0.5,0.5363559634917963,0.5455017237786198,0.6,0.6,0.1875,0.1875
scifact-1352,scientific,0.337067,0.662933,1.0,1.0,1.0,1.0,0.1,0.1,1.0,1.0
nfcorpus-PLAIN-603,medical,0.286083,0.713917,0.0,0.0,0.0,0.0,0.0,0.0,0.0,0.0
scifact-279,scientific,0.3197,0.6803,1.0,1.0,1.0,1.0,0.1,0.1,1.0,1.0
nfcorpus-PLAIN-2981,medical,0.319133,0.680867,1.0,1.0,0.5321036168710066,0.5321036168710066,0.1,0.1,0.14285714285714285,0.14285714285714285
arguana-test-culture-thbcsbptwhht-pro01a,argumentation,0.3063,0.6937,0.5,0.5,0.6309297535714575,0.6309297535714575,0.1,0.1,1.0,1.0
nfcorpus-PLAIN-1972,medical,0.280967,0.719033,0.0,0.0,0.0,0.0,0.0,0.0,0.0,0.0
arguana-test-international-gpsmhbsosb-pro02a,argumentation,0.27915,0.72085,0.2,0.3333333333333333,0.38685280723454163,0.5,0.1,0.1,1.0,1.0
nfcorpus-PLAIN-217,medical,0.37065,0.62935,0.25,0.25,0.09478836436955078,0.22466337602289155,0.1,0.3,0.027777777777777776,0.08333333333333333
scifact-691,scientific,0.371333,0.628667,1.0,0.5,1.0,0.6309297535714575,0.1,0.1,1.0,1.0
nfcorpus-PLAIN-165,medical,0.414633,0.585367,0.5,0.5,0.25236331995177386,0.30799491787699257,0.3,0.4,0.08333333333333333,0.1111111111111111
scifact-51,scientific,0.359517,0.640483,1.0,1.0,1.0,1.0,0.1,0.1,1.0,1.0
fiqa-7674,finance,0.40735,0.59265,0.0,0.0,0.0,0.0,0.0,0.0,0.0,0.0
nfcorpus-PLAIN-1485,medical,0.271667,0.728333,0.0,0.0,0.0,0.0,0.0,0.0,0.0,0.0
scifact-1100,scientific,0.38365,0.61635,0.0,0.0,0.0,0.0,0.0,0.0,0.0,0.0
fiqa-6849,finance,0.3733,0.6267,1.0,0.5,1.0,0.6309297535714575,0.1,0.1,1.0,1.0
nfcorpus-PLAIN-2970,medical,0.390533,0.609467,1.0,1.0,0.47965506954306864,0.47965506954306864,0.1,0.1,0.1111111111111111,0.1111111111111111
nfcorpus-PLAIN-2660,medical,0.432417,0.567583,0.3333333333333333,0.25,0.11004588314904007,0.09478836436955078,0.1,0.1,0.037037037037037035,0.037037037037037035
scifact-784,scientific,0.382833,0.617167,1.0,1.0,1.0,1.0,0.1,0.1,1.0,1.0
nfcorpus-PLAIN-1066,medical,0.399983,0.600017,0.0,0.0,0.0,0.0,0.0,0.0,0.0,0.0
arguana-test-politics-cdfsaphgiap-con03a,argumentation,0.291567,0.708433,0.0,0.0,0.0,0.0,0.0,0.0,0.0,0.0
scifact-212,scientific,0.375733,0.624267,1.0,1.0,1.0,1.0,0.1,0.1,1.0,1.0
fiqa-9925,finance,0.389617,0.610383,1.0,1.0,0.8065735963827293,0.8065735963827293,0.2,0.2,1.0,1.0
fiqa-3369,finance,0.3989,0.6011,0.0,0.0,0.0,0.0,0.0,0.0,0.0,0.0
nfcorpus-PLAIN-78,medical,0.42005,0.57995,0.125,0.125,0.02828547772167216,0.02828547772167216,0.1,0.1,0.016129032258064516,0.016129032258064516
scifact-660,scientific,0.409933,0.590067,0.0,0.0,0.0,0.0,0.0,0.0,0.0,0.0
nfcorpus-PLAIN-153,medical,0.419267,0.580733,1.0,1.0,0.5576167375575497,0.7781188158783612,0.3,0.6,0.06382978723404255,0.1276595744680851
nfcorpus-PLAIN-91,medical,0.39395,0.60605,1.0,1.0,0.16614782487235127,0.18409154774100742,0.2,0.2,0.03125,0.03125
fiqa-11039,finance,0.387667,0.612333,0.5,0.3333333333333333,0.3340033200331497,0.3332594386367449,0.3,0.3,0.375,0.375
nfcorpus-PLAIN-3322,medical,0.375567,0.624433,0.2,0.3333333333333333,0.08514311764162098,0.11004588314904008,0.1,0.1,0.012658227848101266,0.012658227848101266
arguana-test-religion-wcprrgrhbmi-pro01a,argumentation,0.303317,0.696683,0.5,0.5,0.6309297535714575,0.6309297535714575,0.1,0.1,1.0,1.0
arguana-test-free-speech-debate-nshbcsbawc-pro02a,argumentation,0.3009,0.6991,0.16666666666666666,0.1,0.3562071871080222,0.2890648263178879,0.1,0.1,1.0,1.0
arguana-test-education-pshhghwpba0-con04a,argumentation,0.289917,0.710083,0.5,0.5,0.6309297535714575,0.6309297535714575,0.1,0.1,1.0,1.0
scifact-516,scientific,0.36595,0.63405,1.0,1.0,1.0,1.0,0.1,0.1,1.0,1.0
scifact-544,scientific,0.386083,0.613917,0.0,0.0,0.0,0.0,0.0,0.0,0.0,0.0
arguana-test-politics-oepghbrnsl-con01a,argumentation,0.301617,0.698383,0.25,0.16666666666666666,0.43067655807339306,0.3562071871080222,0.1,0.1,1.0,1.0
fiqa-8034,finance,0.3785,0.6215,0.0,0.0,0.0,0.0,0.0,0.0,0.0,0.0
scifact-437,scientific,0.396317,0.603683,0.0,0.0,0.0,0.0,0.0,0.0,0.0,0.0
fiqa-10932,finance,0.382667,0.617333,1.0,1.0,1.0,1.0,0.1,0.1,1.0,1.0
arguana-test-society-ghbgqeaaems-pro03a,argumentation,0.3238,0.6762,0.25,0.3333333333333333,0.43067655807339306,0.5,0.1,0.1,1.0,1.0
fiqa-4777,finance,0.4003,0.5997,0.0,0.0,0.0,0.0,0.0,0.0,0.0,0.0
nfcorpus-PLAIN-2470,medical,0.386917,0.613083,1.0,1.0,0.564578818785675,0.6715543968894921,0.6,0.6,0.0821917808219178,0.0821917808219178
fiqa-7592,finance,0.381367,0.618633,0.0,0.0,0.0,0.0,0.0,0.0,0.0,0.0
nfcorpus-PLAIN-3302,medical,0.418483,0.581517,1.0,0.3333333333333333,0.24924199037643666,0.14222787782425517,0.2,0.2,0.05405405405405406,0.05405405405405406
arguana-test-society-epsihbdns-con01a,argumentation,0.309917,0.690083,0.0,0.0,0.0,0.0,0.0,0.0,0.0,0.0
arguana-test-religion-grcrgshwbr-con01a,argumentation,0.297717,0.702283,0.25,0.25,0.43067655807339306,0.43067655807339306,0.1,0.1,1.0,1.0
arguana-test-health-hpehwadvoee-pro01a,argumentation,0.291233,0.708767,0.1111111111111111,0.1111111111111111,0.3010299956639812,0.3010299956639812,0.1,0.1,1.0,1.0
arguana-test-international-gmehbisrip1b-pro03a,argumentation,0.314783,0.685217,0.3333333333333333,0.3333333333333333,0.5,0.5,0.1,0.1,1.0,1.0
scifact-723,scientific,0.31735,0.68265,1.0,1.0,1.0,1.0,0.1,0.1,1.0,1.0
scifact-785,scientific,0.3727,0.6273,0.2,0.1,0.38685280723454163,0.2890648263178879,0.1,0.1,1.0,1.0
nfcorpus-PLAIN-2650,medical,0.380467,0.619533,1.0,1.0,0.45374257454118544,0.4440973278132556,0.3,0.3,0.10344827586206896,0.10344827586206896
nfcorpus-PLAIN-924,medical,0.383283,0.616717,0.5,0.5,0.13886244387355454,0.13886244387355454,0.1,0.1,0.03125,0.03125
arguana-test-health-ppelfhwbpba-con02a,argumentation,0.281333,0.718667,0.5,0.5,0.6309297535714575,0.6309297535714575,0.1,0.1,1.0,1.0
fiqa-1815,finance,0.398733,0.601267,0.3333333333333333,0.3333333333333333,0.5,0.5,0.1,0.1,1.0,1.0
scifact-1019,scientific,0.377317,0.622683,1.0,0.5,1.0,0.6309297535714575,0.1,0.1,1.0,1.0
nfcorpus-PLAIN-68,medical,0.348667,0.651333,0.5,1.0,0.2892598909735474,0.45846608015576257,0.1,0.1,0.01818181818181818,0.01818181818181818
fiqa-3480,finance,0.408683,0.591317,1.0,1.0,0.8048099750039491,0.9493885684853097,0.3,0.4,0.75,1.0
fiqa-3932,finance,0.374183,0.625817,0.0,0.0,0.0,0.0,0.0,0.0,0.0,0.0
fiqa-2587,finance,0.401667,0.598333,0.3333333333333333,0.5,0.5,0.6309297535714575,0.1,0.1,1.0,1.0
nfcorpus-PLAIN-3097,medical,0.371233,0.628767,1.0,1.0,0.515157140670655,0.515157140670655,0.1,0.1,0.25,0.25
arguana-test-international-aghwrem-pro04a,argumentation,0.29925,0.70075,0.5,0.5,0.6309297535714575,0.6309297535714575,0.1,0.1,1.0,1.0
scifact-216,scientific,0.386733,0.613267,1.0,1.0,1.0,1.0,0.1,0.1,1.0,1.0
scifact-415,scientific,0.394167,0.605833,0.0,0.0,0.0,0.0,0.0,0.0,0.0,0.0
nfcorpus-PLAIN-1590,medical,0.368217,0.631783,0.5,0.5,0.13886244387355454,0.13886244387355454,0.1,0.1,0.05555555555555555,0.05555555555555555
nfcorpus-PLAIN-1119,medical,0.4164,0.5836,0.0,0.0,0.0,0.0,0.0,0.0,0.0,0.0
scifact-1130,scientific,0.33895,0.66105,1.0,1.0,1.0,1.0,0.1,0.1,1.0,1.0
nfcorpus-PLAIN-2230,medical,0.405233,0.594767,0.0,0.0,0.0,0.0,0.0,0.0,0.0,0.0
nfcorpus-PLAIN-1537,medical,0.344533,0.655467,0.3333333333333333,0.5,0.5053603444371989,0.5368103404171507,0.6,0.6,0.13333333333333333,0.13333333333333333
fiqa-3179,finance,0.419517,0.580483,1.0,1.0,0.6131471927654584,0.6131471927654584,0.1,0.1,0.5,0.5
nfcorpus-PLAIN-681,medical,0.401183,0.598817,0.1,0.1,0.2890648263178879,0.2890648263178879,0.1,0.1,1.0,1.0
scifact-274,scientific,0.316233,0.683767,1.0,1.0,1.0,1.0,0.1,0.1,1.0,1.0
scifact-560,scientific,0.375283,0.624717,0.0,0.0,0.0,0.0,0.0,0.0,0.0,0.0
scifact-137,scientific,0.304633,0.695367,1.0,1.0,1.0,1.0,0.1,0.1,1.0,1.0
scifact-1316,scientific,0.389817,0.610183,0.0,0.0,0.0,0.0,0.0,0.0,0.0,0.0
nfcorpus-PLAIN-3442,medical,0.41585,0.58415,0.0,0.0,0.0,0.0,0.0,0.0,0.0,0.0
nfcorpus-PLAIN-1203,medical,0.39115,0.60885,1.0,1.0,0.33013764944712026,0.39375843764607193,0.2,0.3,0.16666666666666666,0.25
arguana-test-international-gsciidffe-pro02a,argumentation,0.296017,0.703983,0.0,0.0,0.0,0.0,0.0,0.0,0.0,0.0
nfcorpus-PLAIN-2830,medical,0.354117,0.645883,0.3333333333333333,0.3333333333333333,0.3631143808977028,0.3631143808977028,0.1,0.1,0.3333333333333333,0.3333333333333333
fiqa-852,finance,0.380633,0.619367,1.0,1.0,0.8710785440003369,0.7039180890341347,0.3,0.2,1.0,0.6666666666666666
scifact-1337,scientific,0.390133,0.609867,1.0,0.5,1.0,0.6309297535714575,0.1,0.1,1.0,1.0
fiqa-7445,finance,0.423833,0.576167,0.0,0.0,0.0,0.0,0.0,0.0,0.0,0.0
fiqa-5090,finance,0.376583,0.623417,1.0,1.0,0.6131471927654584,0.6131471927654584,0.1,0.1,0.5,0.5
fiqa-10596,finance,0.3528,0.6472,1.0,1.0,0.8687949224876582,0.8687949224876582,0.4,0.4,0.8,0.8
fiqa-6985,finance,0.3449,0.6551,0.5,1.0,0.6309297535714575,1.0,0.1,0.1,1.0,1.0
scifact-1041,scientific,0.379,0.621,0.14285714285714285,0.125,0.20438239758848611,0.19342640361727081,0.1,0.1,0.5,0.5
fiqa-6644,finance,0.4043,0.5957,0.0,0.0,0.0,0.0,0.0,0.0,0.0,0.0
scifact-830,scientific,0.3722,0.6278,0.0,0.0,0.0,0.0,0.0,0.0,0.0,0.0
arguana-test-international-epvhwhranet-con01a,argumentation,0.27755,0.72245,0.5,0.5,0.6309297535714575,0.6309297535714575,0.1,0.1,1.0,1.0
fiqa-8332,finance,0.39625,0.60375,0.3333333333333333,0.3333333333333333,0.5323325778787926,0.5391065605018962,0.3,0.3,1.0,1.0
arguana-test-education-pshhghwpba0-con02a,argumentation,0.30675,0.69325,0.125,0.125,0.31546487678572877,0.31546487678572877,0.1,0.1,1.0,1.0
scifact-821,scientific,0.377483,0.622517,0.0,0.0,0.0,0.0,0.0,0.0,0.0,0.0
fiqa-5592,finance,0.336283,0.663717,0.5,1.0,0.6309297535714575,1.0,0.1,0.1,1.0,1.0
arguana-test-law-rmelhrilhbiw-con01a,argumentation,0.311033,0.688967,0.25,0.25,0.43067655807339306,0.43067655807339306,0.1,0.1,1.0,1.0
nfcorpus-PLAIN-2930,medical,0.3168,0.6832,1.0,1.0,0.45846608015576257,0.5094067557286251,0.1,0.2,0.07142857142857142,0.14285714285714285
nfcorpus-PLAIN-2071,medical,0.366517,0.633483,0.5,0.5,0.21726071285222986,0.2687374555268953,0.2,0.3,0.044444444444444446,0.06666666666666667
arguana-test-health-dhpelhbass-con01a,argumentation,0.30975,0.69025,0.5,0.5,0.6309297535714575,0.6309297535714575,0.1,0.1,1.0,1.0
scifact-237,scientific,0.39465,0.60535,0.5,0.5,0.6309297535714575,0.6309297535714575,0.1,0.1,1.0,1.0
fiqa-8635,finance,0.386817,0.613183,0.0,0.0,0.0,0.0,0.0,0.0,0.0,0.0
scifact-907,scientific,0.338267,0.661733,1.0,1.0,1.0,1.0,0.1,0.1,1.0,1.0
arguana-test-free-speech-debate-yfsdfkhbwu-pro02a,argumentation,0.303783,0.696217,0.14285714285714285,0.16666666666666666,0.3333333333333333,0.3562071871080222,0.1,0.1,1.0,1.0
scifact-613,scientific,0.285133,0.714867,1.0,1.0,1.0,1.0,0.1,0.1,1.0,1.0
arguana-test-economy-thsptr-con03a,argumentation,0.332683,0.667317,0.0,0.1111111111111111,0.0,0.3010299956639812,0.0,0.1,0.0,1.0
nfcorpus-PLAIN-541,medical,0.37185,0.62815,0.14285714285714285,0.0,0.10086747116627115,0.0,0.1,0.0,0.16666666666666666,0.0
nfcorpus-PLAIN-1161,medical,0.381567,0.618433,0.0,0.0,0.0,0.0,0.0,0.0,0.0,0.0
scifact-859,scientific,0.4031,0.5969,0.3333333333333333,0.3333333333333333,0.5,0.5,0.1,0.1,1.0,1.0
scifact-300,scientific,0.347617,0.652383,0.0,0.0,0.0,0.0,0.0,0.0,0.0,0.0
nfcorpus-PLAIN-946,medical,0.280383,0.719617,0.2,0.0,0.08514311764162098,0.0,0.1,0.0,0.03225806451612903,0.0
scifact-814,scientific,0.346417,0.653583,1.0,1.0,1.0,1.0,0.1,0.1,1.0,1.0
nfcorpus-PLAIN-1130,medical,0.29965,0.70035,1.0,1.0,1.0,1.0,0.1,0.1,1.0,1.0
fiqa-5380,finance,0.365,0.635,1.0,1.0,1.0,1.0,0.1,0.1,1.0,1.0
arguana-test-science-eassgbatj-con04a,argumentation,0.3528,0.6472,0.16666666666666666,0.2,0.3562071871080222,0.38685280723454163,0.1,0.1,1.0,1.0
nfcorpus-PLAIN-1309,medical,0.405233,0.594767,0.0,0.0,0.0,0.0,0.0,0.0,0.0,0.0
nfcorpus-PLAIN-441,medical,0.349167,0.650833,1.0,1.0,0.9057218876080597,0.8679469206435628,0.5,0.5,1.0,1.0
fiqa-5981,finance,0.408583,0.591417,1.0,1.0,0.8840530210968294,0.9818483242455303,0.5,0.5,1.0,1.0
fiqa-7509,finance,0.385433,0.614567,0.0,0.0,0.0,0.0,0.0,0.0,0.0,0.0
nfcorpus-PLAIN-488,medical,0.39035,0.60965,1.0,1.0,0.7097402150304354,0.7241528458281337,0.7,0.7,0.4666666666666667,0.4666666666666667
nfcorpus-PLAIN-2580,medical,0.36225,0.63775,1.0,1.0,0.38960969584443333,0.41235173674195585,0.2,0.2,0.08695652173913043,0.08695652173913043
fiqa-2994,finance,0.408317,0.591683,0.0,0.0,0.0,0.0,0.0,0.0,0.0,0.0
scifact-549,scientific,0.32745,0.67255,1.0,1.0,1.0,1.0,0.1,0.1,1.0,1.0
nfcorpus-PLAIN-1527,medical,0.3737,0.6263,1.0,1.0,1.0,1.0,1.0,1.0,0.04950495049504951,0.04950495049504951
fiqa-3049,finance,0.368233,0.631767,1.0,1.0,0.6366824387328317,0.6366824387328317,0.2,0.2,0.5,0.5
nfcorpus-PLAIN-23,medical,0.376117,0.623883,1.0,1.0,0.07336392209936005,0.21615906613549735,0.1,0.3,0.011111111111111112,0.03333333333333333
nfcorpus-PLAIN-660,medical,0.390983,0.609017,1.0,1.0,0.772837825180752,0.772837825180752,0.7,0.7,0.014736842105263158,0.014736842105263158
fiqa-515,finance,0.383117,0.616883,1.0,1.0,1.0,1.0,0.1,0.1,1.0,1.0
fiqa-5134,finance,0.3879,0.6121,0.0,0.125,0.0,0.19342640361727081,0.0,0.1,0.0,0.5
arguana-test-religion-frghbbgi-con01a,argumentation,0.282917,0.717083,0.5,0.25,0.6309297535714575,0.43067655807339306,0.1,0.1,1.0,1.0
fiqa-8202,finance,0.408017,0.591983,0.0,0.0,0.0,0.0,0.0,0.0,0.0,0.0
scifact-1144,scientific,0.359233,0.640767,1.0,1.0,1.0,1.0,0.1,0.1,1.0,1.0
scifact-350,scientific,0.362283,0.637717,1.0,1.0,1.0,1.0,0.1,0.1,1.0,1.0
nfcorpus-PLAIN-3131,medical,0.386483,0.613517,1.0,1.0,0.39648315146087865,0.39648315146087865,0.1,0.1,0.16666666666666666,0.16666666666666666
fiqa-5080,finance,0.376267,0.623733,0.0,0.0,0.0,0.0,0.0,0.0,0.0,0.0
scifact-1107,scientific,0.351917,0.648083,1.0,1.0,1.0,1.0,0.1,0.1,1.0,1.0
nfcorpus-PLAIN-1929,medical,0.353867,0.646133,0.16666666666666666,0.3333333333333333,0.07839826897867533,0.11004588314904008,0.1,0.1,0.1,0.1
scifact-1225,scientific,0.38225,0.61775,1.0,1.0,1.0,1.0,0.1,0.1,1.0,1.0
arguana-test-international-iiahwagit-pro03a,argumentation,0.2819,0.7181,0.25,0.25,0.43067655807339306,0.43067655807339306,0.1,0.1,1.0,1.0
nfcorpus-PLAIN-1817,medical,0.35375,0.64625,1.0,1.0,0.43735247915031,0.40350157154648025,0.3,0.3,0.1111111111111111,0.1111111111111111
arguana-test-culture-ahrtsdlgra-con01a,argumentation,0.2966,0.7034,0.5,0.5,0.6309297535714575,0.6309297535714575,0.1,0.1,1.0,1.0
fiqa-3625,finance,0.40655,0.59345,1.0,1.0,0.46927872602275644,0.46927872602275644,0.1,0.1,0.3333333333333333,0.3333333333333333
scifact-1262,scientific,0.354917,0.645083,1.0,1.0,1.0,1.0,0.1,0.1,1.0,1.0
fiqa-4571,finance,0.386817,0.613183,1.0,1.0,0.7653606369886217,0.7653606369886217,0.2,0.2,0.6666666666666666,0.6666666666666666
nfcorpus-PLAIN-2030,medical,0.282517,0.717483,0.5,0.1,0.19092086617893467,0.0874717141014082,0.1,0.1,0.16666666666666666,0.16666666666666666
nfcorpus-PLAIN-1772,medical,0.284483,0.715517,1.0,1.0,1.0,1.0,0.2,0.2,1.0,1.0
scifact-180,scientific,0.3591,0.6409,1.0,1.0,1.0,1.0,0.1,0.1,1.0,1.0
arguana-test-environment-opecewiahw-con02a,argumentation,0.288467,0.711533,0.2,0.2,0.38685280723454163,0.38685280723454163,0.1,0.1,1.0,1.0
arguana-test-science-ascidfakhba-pro04a,argumentation,0.337867,0.662133,0.0,0.0,0.0,0.0,0.0,0.0,0.0,0.0
scifact-213,scientific,0.366883,0.633117,0.16666666666666666,0.2,0.3562071871080222,0.38685280723454163,0.1,0.1,1.0,1.0
nfcorpus-PLAIN-3171,medical,0.40185,0.59815,0.0,0.0,0.0,0.0,0.0,0.0,0.0,0.0
arguana-test-politics-oglilpdwhsn-con04a,argumentation,0.30735,0.69265,0.5,0.5,0.6309297535714575,0.6309297535714575,0.1,0.1,1.0,1.0
arguana-test-international-atiahblit-con01a,argumentation,0.299483,0.700517,0.0,0.0,0.0,0.0,0.0,0.0,0.0,0.0
nfcorpus-PLAIN-1909,medical,0.382017,0.617983,1.0,1.0,0.6987957033953602,0.5867945846769145,0.6,0.5,0.012958963282937365,0.01079913606911447
fiqa-7105,finance,0.40905,0.59095,0.3333333333333333,0.3333333333333333,0.5,0.5,0.1,0.1,1.0,1.0
fiqa-5178,finance,0.401183,0.598817,0.5,0.5,0.36005461457723403,0.38356636737133565,0.2,0.2,0.4,0.4
arguana-test-environment-chbwtlgcc-con02a,argumentation,0.2709,0.7291,0.25,0.3333333333333333,0.43067655807339306,0.5,0.1,0.1,1.0,1.0
arguana-test-education-xeegshwfeu-con03a,argumentation,0.3129,0.6871,0.25,0.2,0.43067655807339306,0.38685280723454163,0.1,0.1,1.0,1.0
fiqa-9385,finance,0.38375,0.61625,0.25,0.16666666666666666,0.43067655807339306,0.3562071871080222,0.1,0.1,1.0,1.0
arguana-test-law-ralhrilglv-con04a,argumentation,0.312133,0.687867,0.5,0.5,0.6309297535714575,0.6309297535714575,0.1,0.1,1.0,1.0
fiqa-9291,finance,0.376617,0.623383,0.0,0.0,0.0,0.0,0.0,0.0,0.0,0.0
scifact-839,scientific,0.401017,0.598983,0.5,0.5,0.6309297535714575,0.6309297535714575,0.1,0.1,1.0,1.0
fiqa-1451,finance,0.400317,0.599683,1.0,1.0,1.0,1.0,0.1,0.1,1.0,1.0
arguana-test-free-speech-debate-yfsdfkhbwu-con02a,argumentation,0.3116,0.6884,0.0,0.0,0.0,0.0,0.0,0.0,0.0,0.0
scifact-1121,scientific,0.386183,0.613817,1.0,1.0,1.0,1.0,0.1,0.1,1.0,1.0
arguana-test-education-usuprmhbu-pro02a,argumentation,0.304183,0.695817,0.2,0.3333333333333333,0.38685280723454163,0.5,0.1,0.1,1.0,1.0
nfcorpus-PLAIN-1320,medical,0.366933,0.633067,0.5,0.1111111111111111,0.19092086617893467,0.09109240322345806,0.1,0.1,0.16666666666666666,0.16666666666666666
scifact-644,scientific,0.393383,0.606617,0.0,0.0,0.0,0.0,0.0,0.0,0.0,0.0
nfcorpus-PLAIN-307,medical,0.383833,0.616167,1.0,1.0,0.8194270280062369,0.8194270280062369,0.3,0.3,1.0,1.0
scifact-143,scientific,0.34595,0.65405,1.0,1.0,1.0,1.0,0.1,0.1,1.0,1.0
fiqa-766,finance,0.39,0.61,0.3333333333333333,0.5,0.23463936301137822,0.2960819109658652,0.1,0.1,0.3333333333333333,0.3333333333333333
fiqa-4968,finance,0.382433,0.617567,1.0,1.0,1.0,1.0,0.1,0.1,1.0,1.0
fiqa-9174,finance,0.386417,0.613583,0.25,0.25,0.14606834984270645,0.14606834984270645,0.1,0.1,0.2,0.2
nfcorpus-PLAIN-133,medical,0.39375,0.60625,0.0,0.0,0.0,0.0,0.0,0.0,0.0,0.0
arguana-test-international-gmehwasr-pro01a,argumentation,0.299267,0.700733,0.0,0.0,0.0,0.0,0.0,0.0,0.0,0.0
arguana-test-international-ghwcitca-con02a,argumentation,0.314483,0.685517,0.0,0.0,0.0,0.0,0.0,0.0,0.0,0.0
fiqa-6715,finance,0.39415,0.60585,0.0,0.2,0.0,0.23719771276929622,0.0,0.1,0.0,0.5
fiqa-7295,finance,0.38965,0.61035,0.0,0.0,0.0,0.0,0.0,0.0,0.0,0.0
fiqa-5464,finance,0.366583,0.633417,0.1,0.125,0.13565197343244778,0.1480409554829326,0.1,0.1,0.3333333333333333,0.3333333333333333
nfcorpus-PLAIN-1342,medical,0.3736,0.6264,1.0,1.0,0.5326208815196265,0.4537425745411855,0.4,0.3,0.25,0.1875
fiqa-2330,finance,0.378567,0.621433,1.0,1.0,0.6131471927654584,0.6131471927654584,0.1,0.1,0.5,0.5
scifact-1,scientific,0.393683,0.606317,0.0,0.125,0.0,0.31546487678572877,0.0,0.1,0.0,1.0
nfcorpus-PLAIN-3201,medical,0.395133,0.604867,0.1111111111111111,0.1111111111111111,0.046004014040457224,0.046004014040457224,0.1,0.1,0.03125,0.03125
nfcorpus-PLAIN-1762,medical,0.3591,0.6409,0.125,0.0,0.07979453856244817,0.0,0.1,0.0,0.125,0.0
nfcorpus-PLAIN-2620,medical,0.414767,0.585233,0.0,0.125,0.0,0.023143740645592423,0.0,0.1,0.0,0.01818181818181818
nfcorpus-PLAIN-1262,medical,0.391833,0.608167,1.0,1.0,0.2863459897524692,0.2984900352767555,0.2,0.2,0.2,0.2
arguana-test-international-iighbopcc-pro01a,argumentation,0.2828,0.7172,0.25,0.25,0.43067655807339306,0.43067655807339306,0.1,0.1,1.0,1.0
fiqa-689,finance,0.38535,0.61465,0.0,0.0,0.0,0.0,0.0,0.0,0.0,0.0
nfcorpus-PLAIN-143,medical,0.383533,0.616467,1.0,1.0,0.6316991638553519,0.6909032516569064,0.3,0.3,0.058823529411764705,0.058823529411764705
fiqa-529,finance,0.365467,0.634533,0.0,0.0,0.0,0.0,0.0,0.0,0.0,0.0
scifact-649,scientific,0.40015,0.59985,0.0,0.0,0.0,0.0,0.0,0.0,0.0,0.0
arguana-test-politics-epvhbfsmsaop-pro03a,argumentation,0.3192,0.6808,0.0,0.0,0.0,0.0,0.0,0.0,0.0,0.0
arguana-test-international-segiahbarr-con01a,argumentation,0.29635,0.70365,0.5,0.5,0.6309297535714575,0.6309297535714575,0.1,0.1,1.0,1.0
nfcorpus-PLAIN-2291,medical,0.384517,0.615483,0.5,0.5,0.21398626473452756,0.21398626473452756,0.1,0.1,0.2,0.2
arguana-test-philosophy-npegiepp-con04a,argumentation,0.275033,0.724967,0.5,0.3333333333333333,0.6309297535714575,0.5,0.1,0.1,1.0,1.0
fiqa-10547,finance,0.38325,0.61675,0.0,0.0,0.0,0.0,0.0,0.0,0.0,0.0
fiqa-98,finance,0.418667,0.581333,1.0,1.0,0.6131471927654584,0.6131471927654584,0.1,0.1,0.5,0.5
arguana-test-economy-egppphbcb-pro03a,argumentation,0.269467,0.730533,0.5,0.5,0.6309297535714575,0.6309297535714575,0.1,0.1,1.0,1.0
arguana-test-politics-pgsimhwoia-con02a,argumentation,0.2881,0.7119,0.25,0.25,0.43067655807339306,0.43067655807339306,0.1,0.1,1.0,1.0
arguana-test-international-glilpdwhsn-con04a,argumentation,0.30735,0.69265,0.3333333333333333,0.3333333333333333,0.5,0.5,0.1,0.1,1.0,1.0
fiqa-3148,finance,0.374417,0.625583,1.0,1.0,0.5531464700081437,0.5531464700081437,0.2,0.2,0.4,0.4
scifact-823,scientific,0.332317,0.667683,1.0,1.0,1.0,1.0,0.1,0.1,1.0,1.0
arguana-test-politics-oapdhwinkp-pro02a,argumentation,0.34135,0.65865,0.1111111111111111,0.14285714285714285,0.3010299956639812,0.3333333333333333,0.1,0.1,1.0,1.0
scifact-1245,scientific,0.39515,0.60485,0.0,0.0,0.0,0.0,0.0,0.0,0.0,0.0
arguana-test-economy-beghwbh-pro03a,argumentation,0.28115,0.71885,0.14285714285714285,0.16666666666666666,0.3333333333333333,0.3562071871080222,0.1,0.1,1.0,1.0
arguana-test-education-xeegshwfeu-con02a,argumentation,0.308183,0.691817,0.3333333333333333,0.3333333333333333,0.5,0.5,0.1,0.1,1.0,1.0
nfcorpus-PLAIN-1847,medical,0.342283,0.657717,0.0,0.0,0.0,0.0,0.0,0.0,0.0,0.0
nfcorpus-PLAIN-2910,medical,0.379733,0.620267,1.0,1.0,0.3843483686763149,0.3843483686763149,0.1,0.1,0.06666666666666667,0.06666666666666667
scifact-354,scientific,0.34275,0.65725,1.0,1.0,1.0,1.0,0.1,0.1,1.0,1.0
fiqa-3888,finance,0.38675,0.61325,0.0,0.0,0.0,0.0,0.0,0.0,0.0,0.0
scifact-343,scientific,0.390483,0.609517,1.0,1.0,0.9197207891481876,0.9197207891481876,0.2,0.2,1.0,1.0
arguana-test-free-speech-debate-magghbcrg-pro02a,argumentation,0.285733,0.714267,0.25,0.5,0.43067655807339306,0.6309297535714575,0.1,0.1,1.0,1.0
fiqa-7801,finance,0.417067,0.582933,0.0,0.125,0.0,0.19342640361727081,0.0,0.1,0.0,0.5
scifact-48,scientific,0.404617,0.595383,0.0,0.0,0.0,0.0,0.0,0.0,0.0,0.0
fiqa-6625,finance,0.399617,0.600383,0.14285714285714285,0.2,0.3333333333333333,0.38685280723454163,0.1,0.1,1.0,1.0
fiqa-5347,finance,0.364217,0.635783,1.0,1.0,1.0,1.0,0.1,0.1,1.0,1.0
arguana-test-economy-epegiahsc-pro02a,argumentation,0.280767,0.719233,0.14285714285714285,0.14285714285714285,0.3333333333333333,0.3333333333333333,0.1,0.1,1.0,1.0
fiqa-9060,finance,0.355617,0.644383,1.0,1.0,0.6131471927654584,0.6131471927654584,0.1,0.1,0.5,0.5
fiqa-5653,finance,0.344767,0.655233,1.0,1.0,1.0,1.0,0.1,0.1,1.0,1.0
nfcorpus-PLAIN-2540,medical,0.39365,0.60635,1.0,1.0,0.5557106777387354,0.49913748726903984,0.4,0.4,0.19047619047619047,0.19047619047619047
nfcorpus-PLAIN-2261,medical,0.383283,0.616717,0.1,0.1111111111111111,0.06362078819895171,0.06625422345438903,0.1,0.1,0.016666666666666666,0.016666666666666666
fiqa-1994,finance,0.399383,0.600617,0.3333333333333333,0.5,0.2765732350040718,0.32097939710179135,0.2,0.2,0.4,0.4
nfcorpus-PLAIN-2670,medical,0.347133,0.652867,1.0,1.0,0.3406992958233561,0.3406992958233561,0.1,0.1,0.02857142857142857,0.02857142857142857
arguana-test-digital-freedoms-piidfiphwu-con03a,argumentation,0.292033,0.707967,0.5,0.5,0.6309297535714575,0.6309297535714575,0.1,0.1,1.0,1.0
scifact-130,scientific,0.35125,0.64875,1.0,1.0,1.0,1.0,0.1,0.1,1.0,1.0
arguana-test-international-iighbopcc-con02a,argumentation,0.276717,0.723283,0.1111111111111111,0.125,0.3010299956639812,0.31546487678572877,0.1,0.1,1.0,1.0
nfcorpus-PLAIN-1857,medical,0.368267,0.631733,1.0,1.0,0.5637884576902256,0.5637884576902256,0.4,0.4,0.12121212121212122,0.12121212121212122
scifact-921,scientific,0.392717,0.607283,1.0,1.0,1.0,1.0,0.1,0.1,1.0,1.0
fiqa-2923,finance,0.400967,0.599033,0.0,0.5,0.0,0.32703966649239957,0.0,0.2,0.0,0.4
scifact-852,scientific,0.393217,0.606783,0.5,0.5,0.6309297535714575,0.6309297535714575,0.1,0.1,1.0,1.0
arguana-test-digital-freedoms-eifpgdff-con01a,argumentation,0.26515,0.73485,0.5,0.5,0.6309297535714575,0.6309297535714575,0.1,0.1,1.0,1.0
scifact-960,scientific,0.354933,0.645067,1.0,1.0,1.0,1.0,0.1,0.1,1.0,1.0
scifact-50,scientific,0.372567,0.627433,1.0,1.0,1.0,1.0,0.1,0.1,1.0,1.0
fiqa-5683,finance,0.388017,0.611983,1.0,1.0,1.0,1.0,0.2,0.2,1.0,1.0
nfcorpus-PLAIN-2750,medical,0.379017,0.620983,1.0,1.0,0.4679892276636122,0.566057178282574,0.5,0.8,0.0847457627118644,0.13559322033898305
scifact-551,scientific,0.37915,0.62085,0.5,0.5,0.6309297535714575,0.6309297535714575,0.1,0.1,1.0,1.0
nfcorpus-PLAIN-2156,medical,0.279783,0.720217,1.0,1.0,0.7402849195166222,0.706046305905179,0.4,0.4,0.6666666666666666,0.6666666666666666
fiqa-5422,finance,0.385917,0.614083,0.0,0.14285714285714285,0.0,0.13012668333070054,0.0,0.1,0.0,0.25
scifact-452,scientific,0.3894,0.6106,0.0,0.0,0.0,0.0,0.0,0.0,0.0,0.0
nfcorpus-PLAIN-2145,medical,0.377267,0.622733,0.2,0.1111111111111111,0.09092803061897883,0.07075576072108061,0.1,0.1,0.1111111111111111,0.1111111111111111
scifact-535,scientific,0.379533,0.620467,0.0,0.125,0.0,0.31546487678572877,0.0,0.1,0.0,1.0
arguana-test-politics-gvhwhnerse-pro03a,argumentation,0.287167,0.712833,0.14285714285714285,0.2,0.3333333333333333,0.38685280723454163,0.1,0.1,1.0,1.0
nfcorpus-PLAIN-3332,medical,0.3788,0.6212,0.5,0.3333333333333333,0.39924753689117093,0.3470495380283013,0.4,0.4,0.2857142857142857,0.2857142857142857
nfcorpus-PLAIN-1183,medical,0.375233,0.624767,0.1111111111111111,0.0,0.06625422345438903,0.0,0.1,0.0,0.04,0.0
scifact-528,scientific,0.32375,0.67625,1.0,1.0,1.0,1.0,0.1,0.1,1.0,1.0
scifact-597,scientific,0.3838,0.6162,1.0,1.0,0.9325210919548239,0.9325210919548239,0.3,0.3,1.0,1.0
fiqa-5460,finance,0.392417,0.607583,0.0,0.0,0.0,0.0,0.0,0.0,0.0,0.0
nfcorpus-PLAIN-3014,medical,0.383217,0.616783,0.0,0.0,0.0,0.0,0.0,0.0,0.0,0.0
arguana-test-economy-epehwmrbals-con04a,argumentation,0.271417,0.728583,0.5,0.5,0.6309297535714575,0.6309297535714575,0.1,0.1,1.0,1.0
fiqa-8513,finance,0.38445,0.61555,0.0,0.0,0.0,0.0,0.0,0.0,0.0,0.0
fiqa-10601,finance,0.4085,0.5915,0.0,0.0,0.0,0.0,0.0,0.0,0.0,0.0
arguana-test-education-pstrgsehwt-con02a,argumentation,0.330383,0.669617,0.3333333333333333,0.3333333333333333,0.5,0.5,0.1,0.1,1.0,1.0
scifact-913,scientific,0.382317,0.617683,0.0,0.0,0.0,0.0,0.0,0.0,0.0,0.0
nfcorpus-PLAIN-2321,medical,0.37985,0.62015,0.0,0.0,0.0,0.0,0.0,0.0,0.0,0.0
fiqa-4600,finance,0.383783,0.616217,0.0,0.2,0.0,0.38685280723454163,0.0,0.1,0.0,1.0
scifact-1271,scientific,0.3368,0.6632,1.0,1.0,1.0,1.0,0.1,0.1,1.0,1.0
scifact-904,scientific,0.312833,0.687167,1.0,1.0,1.0,1.0,0.1,0.1,1.0,1.0
arguana-test-international-aahwstdrtfm-con01a,argumentation,0.281033,0.718967,0.2,0.2,0.38685280723454163,0.38685280723454163,0.1,0.1,1.0,1.0
fiqa-2460,finance,0.402867,0.597133,1.0,1.0,0.7039180890341347,0.9325210919548239,0.2,0.3,0.6666666666666666,1.0
nfcorpus-PLAIN-1950,medical,0.301183,0.698817,0.5,0.5,0.2489083270225946,0.2489083270225946,0.2,0.2,0.15384615384615385,0.15384615384615385
nfcorpus-PLAIN-2051,medical,0.389733,0.610267,1.0,1.0,0.5810820381115676,0.5730379245414764,0.5,0.5,0.014084507042253521,0.014084507042253521
arguana-test-economy-egecegphw-con03a,argumentation,0.278067,0.721933,0.5,0.5,0.6309297535714575,0.6309297535714575,0.1,0.1,1.0,1.0
nfcorpus-PLAIN-430,medical,0.390017,0.609983,1.0,1.0,0.4967105728753997,0.5847472005499313,0.2,0.3,0.25,0.375
fiqa-672,finance,0.423633,0.576367,0.25,0.16666666666666666,0.2640681225725909,0.21840743681816419,0.1,0.1,0.5,0.5
nfcorpus-PLAIN-1710,medical,0.342267,0.657733,1.0,1.0,1.0,1.0,1.0,1.0,0.625,0.625
scifact-115,scientific,0.3779,0.6221,0.3333333333333333,0.5,0.5,0.6309297535714575,0.1,0.1,1.0,1.0
scifact-1021,scientific,0.377567,0.622433,1.0,1.0,1.0,1.0,0.1,0.1,1.0,1.0
fiqa-9487,finance,0.381133,0.618867,0.0,0.0,0.0,0.0,0.0,0.0,0.0,0.0
fiqa-10497,finance,0.397417,0.602583,1.0,1.0,0.7909506325094737,0.7967610662472993,0.7,0.7,0.7,0.7
nfcorpus-PLAIN-827,medical,0.324617,0.675383,0.5,0.3333333333333333,0.5266128295913879,0.5747915663739762,0.6,0.7,0.02459016393442623,0.028688524590163935
arguana-test-politics-cpegiepgh-con03a,argumentation,0.301717,0.698283,0.5,0.5,0.6309297535714575,0.6309297535714575,0.1,0.1,1.0,1.0
nfcorpus-PLAIN-3312,medical,0.3643,0.6357,0.5,0.3333333333333333,0.15156980335452996,0.18780239232024928,0.2,0.3,0.15384615384615385,0.23076923076923078
scifact-56,scientific,0.326333,0.673667,1.0,1.0,1.0,1.0,0.1,0.1,1.0,1.0
arguana-test-education-pstrgsehwt-con04a,argumentation,0.32125,0.67875,0.0,0.125,0.0,0.31546487678572877,0.0,0.1,0.0,1.0
nfcorpus-PLAIN-2354,medical,0.404267,0.595733,1.0,1.0,0.5531464700081437,0.5531464700081437,0.2,0.2,0.4,0.4
arguana-test-politics-cpecfiepg-pro02a,argumentation,0.343067,0.656933,0.3333333333333333,0.3333333333333333,0.5,0.5,0.1,0.1,1.0,1.0
fiqa-18,finance,0.37025,0.62975,1.0,1.0,1.0,1.0,0.1,0.1,1.0,1.0
arguana-test-international-aahwstdrtfm-con02a,argumentation,0.27365,0.72635,0.5,0.5,0.6309297535714575,0.6309297535714575,0.1,0.1,1.0,1.0
scifact-527,scientific,0.361017,0.638983,0.5,0.5,0.6309297535714575,0.6309297535714575,0.1,0.1,1.0,1.0
fiqa-9088,finance,0.421917,0.578083,0.0,0.0,0.0,0.0,0.0,0.0,0.0,0.0
fiqa-5888,finance,0.384833,0.615167,1.0,0.5,0.6131471927654584,0.38685280723454163,0.1,0.1,0.5,0.5
fiqa-4775,finance,0.3908,0.6092,0.0,0.0,0.0,0.0,0.0,0.0,0.0,0.0
scifact-388,scientific,0.38925,0.61075,0.5,0.5,0.6309297535714575,0.6309297535714575,0.1,0.1,1.0,1.0
fiqa-4019,finance,0.397,0.603,0.0,0.0,0.0,0.0,0.0,0.0,0.0,0.0
scifact-628,scientific,0.392017,0.607983,0.3333333333333333,0.3333333333333333,0.5,0.5,0.1,0.1,1.0,1.0
nfcorpus-PLAIN-1109,medical,0.38705,0.61295,1.0,1.0,0.6110191504983019,0.6235744328990731,0.5,0.5,0.05102040816326531,0.05102040816326531
arguana-test-politics-dhbanhrnw-con05a,argumentation,0.38035,0.61965,0.5,0.5,0.6309297535714575,0.6309297535714575,0.1,0.1,1.0,1.0
arguana-test-international-ehbfe-pro03a,argumentation,0.302967,0.697033,0.2,0.25,0.38685280723454163,0.43067655807339306,0.1,0.1,1.0,1.0
fiqa-3724,finance,0.3773,0.6227,0.0,0.1111111111111111,0.0,0.06625422345438903,0.0,0.1,0.0,0.1
arguana-test-politics-dhwem-pro06a,argumentation,0.2836,0.7164,0.0,0.0,0.0,0.0,0.0,0.0,0.0,0.0
nfcorpus-PLAIN-478,medical,0.39415,0.60585,0.0,0.0,0.0,0.0,0.0,0.0,0.0,0.0
fiqa-7448,finance,0.383217,0.616783,1.0,1.0,1.0,1.0,0.1,0.1,1.0,1.0
nfcorpus-PLAIN-2880,medical,0.393233,0.606767,0.0,0.0,0.0,0.0,0.0,0.0,0.0,0.0
nfcorpus-PLAIN-1050,medical,0.386417,0.613583,0.0,0.0,0.0,0.0,0.0,0.0,0.0,0.0
fiqa-7071,finance,0.382667,0.617333,0.0,0.0,0.0,0.0,0.0,0.0,0.0,0.0
fiqa-2790,finance,0.371433,0.628567,1.0,1.0,0.27487633291429087,0.27487633291429087,0.1,0.1,0.14285714285714285,0.14285714285714285
scifact-1197,scientific,0.382267,0.617733,0.0,0.14285714285714285,0.0,0.3333333333333333,0.0,0.1,0.0,1.0
arguana-test-international-ssiarcmhb-pro02a,argumentation,0.289833,0.710167,0.3333333333333333,0.3333333333333333,0.5,0.5,0.1,0.1,1.0,1.0
scifact-1320,scientific,0.3774,0.6226,1.0,1.0,1.0,1.0,0.1,0.1,1.0,1.0
nfcorpus-PLAIN-2364,medical,0.37725,0.62275,0.0,0.0,0.0,0.0,0.0,0.0,0.0,0.0
fiqa-3264,finance,0.379333,0.620667,0.2,0.5,0.15101961822780524,0.24630238874073,0.1,0.1,0.25,0.25
